-- phpMyAdmin SQL Dump
-- version 4.1.14
-- http://www.phpmyadmin.net
--
-- Client :  127.0.0.1
-- Généré le :  Jeu 09 Juin 2016 à 21:35
-- Version du serveur :  5.6.17
-- Version de PHP :  5.5.12

SET SQL_MODE = "NO_AUTO_VALUE_ON_ZERO";
SET time_zone = "+00:00";


/*!40101 SET @OLD_CHARACTER_SET_CLIENT=@@CHARACTER_SET_CLIENT */;
/*!40101 SET @OLD_CHARACTER_SET_RESULTS=@@CHARACTER_SET_RESULTS */;
/*!40101 SET @OLD_COLLATION_CONNECTION=@@COLLATION_CONNECTION */;
/*!40101 SET NAMES utf8 */;

--
-- Base de données :  `ebook`
--

-- --------------------------------------------------------

--
-- Structure de la table `authors`
--

CREATE TABLE IF NOT EXISTS `authors` (
  `id` int(11) unsigned NOT NULL AUTO_INCREMENT,
  `name` varchar(255) NOT NULL,
  `birth_date` date DEFAULT NULL,
  `death_date` date DEFAULT NULL,
  `nationality_id` int(10) unsigned DEFAULT NULL,
  `bio` text,
  `photo` varchar(255) DEFAULT NULL,
  `created_at` timestamp NOT NULL DEFAULT CURRENT_TIMESTAMP,
  `updated_at` timestamp NULL DEFAULT NULL,
  PRIMARY KEY (`id`),
  KEY `nationality_id` (`nationality_id`)
) ENGINE=InnoDB  DEFAULT CHARSET=utf8 AUTO_INCREMENT=39 ;

--
-- Contenu de la table `authors`
--

INSERT INTO `authors` (`id`, `name`, `birth_date`, `death_date`, `nationality_id`, `bio`, `photo`, `created_at`, `updated_at`) VALUES
(1, 'J.K Rowling', '1965-07-31', NULL, 3, 'Joanne Rowling, née le 31 juillet 1965 dans l’agglomération de Yate, dans le Gloucestershire, en Angleterre, est une romancière britannique, connue sous le pseudonyme J. K. Rowling. Elle doit sa notoriété mondiale à la série Harry Potter, dont les romans traduits en au moins 67 langues5 ont été vendus à plus de 450 millions d''exemplaires. Elle a également utilisé les pseudonymes de Kennilworthy Whisp, Newt Scamander (tirés de sa propre œuvre) et Robert Galbraith.', NULL, '2016-06-06 12:09:38', NULL),
(2, 'Nicole de Buron', '1929-01-12', NULL, 1, 'Nicole de Buron, parfois également Nicole de Buron-Bruel, du nom de son mari Jean Bruel (1917-2003) fondateur de la Compagnie des Bateaux Mouches, est un écrivain français.Ses livres sont pour la plupart des récits humoristiques autobiographiques: dans un style vif, elle raconte à la deuxième personne du pluriel les aventures d''une femme écrivain et de sa « tribu », qui ressemble fort à celle de Nicole de Buron elle-même : elle, son mari, ses filles et ses petits-enfants. L''autodérision et l''humour porté sur les situations les plus inattendues, parfois exagérées, sont ses caractéristiques principales.', NULL, '2016-06-06 12:25:19', NULL),
(3, 'Amélie Nothomb', '1966-07-09', NULL, 2, 'Amélie Nothomb, née sous le nom de Fabienne Claire Nothomb le 9 juillet 1966 à Etterbeek, Bruxelles, est une femme de lettres belge francophone.Ses romans, décrits comme une intertextualité entre la littérature japonaise médiévale et la littérature occidentale, évoquent des thèmes comme le sens de la vie et de la condition humaine, le métier d''écrivain — ils mettent également en scène un personnage de l''écrivain présenté comme autobiographique — ou encore le suicide amoureux. Depuis ses débuts en 1992, elle publie exactement un ouvrage par an.', NULL, '2016-06-06 12:39:59', NULL),
(6, 'Barbara Samson', '1975-02-07', NULL, 1, 'Barbara Samson, née le 7 février 1975 à Chartres, est un auteur français autobiographe qui a été contaminée par le virus du sida à l''âge de 17 ans. Son histoire, intitulée On n''est pas sérieux quand on a dix-sept ans, a été portée à l''écran dans le téléfilm Mes 17 ans.', NULL, '2016-06-06 12:45:18', NULL),
(7, 'Marc Levy', '1961-10-16', NULL, 1, 'Marc Levy, parfois orthographié Marc Lévy, est un auteur français né à Boulogne-Billancourt en région parisienne.En 2000, après l''immense succès de son premier roman de gare Et si c''était vrai, Marc Levy démissionne à 38 ans de son cabinet d''architecture et part habiter à Londres pour se consacrer exclusivement à l''écriture.', NULL, '2016-06-06 13:04:29', NULL),
(8, 'Shakespeare', '1564-04-26', '1616-05-03', 3, 'William Shakespeare est né à Stratford-upon-Avon et est décédé dans la même ville. Il est considéré comme l''un des plus grands poètes, dramaturges et écrivains de la culture anglaise. Il est réputé pour sa maîtrise des formes poétiques et littéraires, ainsi que sa capacité à représenter les aspects de la nature humaine.\r\n\r\nFigure éminente de la culture occidentale, Shakespeare continue d’influencer les artistes d’aujourd’hui. Ses pièces sont régulièrement jouées partout dans le monde. Shakespeare est l’un des rares dramaturges à avoir pratiqué aussi bien la comédie que la tragédie.\r\n\r\nShakespeare écrivit trente-sept œuvres dramatiques, entre les années 1580 et 1613. Mais la chronologie exacte de ses pièces est encore discutée.\r\n\r\nOn mesure l’influence de Shakespeare sur la culture anglo-saxonne en observant les nombreuses références qui lui sont faites, que ce soit à travers des citations, des titres d’œuvres ou les innombrables adaptations de ses œuvres. L''anglais est d''ailleurs souvent surnommé la langue de Shakespeare tant cet auteur a marqué la langue de son pays en inventant de nombreux termes et expressions. Certaines citations d''ailleurs sont passées telles quelles dans le langage courant.', NULL, '2016-06-06 13:04:29', NULL),
(11, 'Niccolo Ammaniti', '1966-09-25', NULL, 5, 'Niccolo Ammaniti est un écrivain italien né à Rome. Étudiant en sciences biologiques, Niccolò Ammaniti abandonne ses études peu avant ses examens. En 1994, il écrit Branchies, son premier roman. Il est considéré par la critique comme le chef de file du mouvement cannibale, apparu dans les années 1990. C''est un auteur très apprécié à l''étranger, et ses livres sont traduits dans plus de quarante langues.', NULL, '2016-06-06 13:45:47', NULL),
(12, 'Jean-François Ménard', '1948-07-10', NULL, 1, 'Jean-François Ménard est né à Paris. Il a étudié la philosophie et a ensuite travaillé comme assistant pour plusieurs réalisateurs de cinéma. Sur le plateau, il raconte souvent des histoires qu''il invente à ses collègues, qui apprécient. Il décide alors de les écrire. Jean-François Ménard a publié, depuis, d''innombrables livres. Il semblerait qu''il soit également l''écrivain francophone qui se cache sous le pseudonyme de James Campbell, auteur de la série de livres-jeux Les Messagers du temps.\r\n\r\nIl a aussi traduit plusieurs textes pour les jeunes, comme Le Bon Gros Géant de Roald Dahl, Trois Hommes dans un bateau de Jerome K. Jerome, Le Rêve de la forêt profonde de Malcolm Bosse, Le Passage de Louis Sachar, la série d''Artemis Fowl de Eoin Colfer, celle des Harry Potter de J. K. Rowling et la réédition de 2008 des Chroniques de Prydain de Lloyd Alexander.', NULL, '2016-06-06 13:45:47', NULL),
(13, 'Marie-Aude Murail', '1954-05-06', NULL, 1, 'Marie-Aude Murail écrit depuis l''âge de 13 ans. Après des études de lettres modernes à la Sorbonne, achevées par une thèse consacrée à l''adaptation du roman classique au public enfantin, elle fait son apprentissage aux Éditions mondiales, où elle a publié entre 1980 et 1987 une centaine de nouvelles dans la presse féminine (Intimité, Nous Deux). Au milieu des années 80, elle publie ses deux premiers romans : Passage, Voici Lou.\r\n\r\nDepuis sa première histoire, C''est mieux d''être bleu, parue en septembre 1985 dans la revue Astrapi, elle a écrit plus de 80 textes pour la jeunesse et notamment trois séries, les Émilien, les Nils Hazard et L''Espionne.', NULL, '2016-06-06 13:45:47', NULL),
(14, 'Dan Brown', '1964-06-22', NULL, 4, 'Dan Brown est né et a grandi dans la ville d''Exeter située dans l’État du New Hampshire aux États-Unis. Il est un romancier américain de romans policiers et ésotériques qui a vendu près de deux cents millions d''exemplaires. Il a suscité une grande polémique avec la publication de ses romans Robert Langdon : Anges et Démons, le Da Vinci Code, Le Symbole perdu et Inferno.', NULL, '2016-06-06 13:45:47', NULL),
(15, 'Vikas Swarup', '1961-06-23', NULL, 6, 'Vikas Swarup, né à Allahabad en Inde, est un écrivain et diplomate indien, auteur de quelques romans policiers.\r\n\r\nIl est l''auteur du roman Les fabuleuses aventures d''un Indien malchanceux qui devint milliardaire (2005), adapté au cinéma en 2008 par le réalisateur britannique Danny Boyle sous le titre Slumdog Millionaire.\r\n\r\nLe second roman de Vikas Swarup, Meurtre dans un jardin indien (Six Suspects), est publié par Transworld le 28 juillet 2008. En cours de traduction dans de nombreux pays, il est publié en français dès 2010. Il doit être adapté à son tour pour le cinéma.\r\n\r\nSon troisième roman intitulé Pour quelques milliards et une roupie (The Accidental Apprentice) est paru en 2014 et immédiatement traduit en français.', NULL, '2016-06-06 13:45:47', NULL),
(16, 'Maxime Chattam', '1976-02-19', NULL, 1, 'Maxime Chattam et Maxime Williams sont des pseudonymes de Maxime Drouot, romancier français, né à Herblay dans le Val-d''Oise, qui, à la suite d''études en criminologie, s''est spécialisé dans le roman policier.\r\n\r\nAu cours de son enfance, Maxime Chattam fait de fréquents séjours aux États-Unis : sa première destination en 1987 est Portland dans l''Oregon, ville qui inspire son premier roman. Maxime a effectué sa scolarité au lycée Montesquieu à Herblay puis à l''Université Paris XIII-Nord. Durant son adolescence, souhaitant devenir acteur, il prend des cours de comédie au Cours Simon à Paris. Il obtient des rôles pour la télévision et la publicité.', NULL, '2016-06-06 13:45:47', NULL),
(17, 'Stephen king', '1947-09-21', NULL, 4, 'Stephen King est un écrivain américain né à Portland, dans le Maine aux États-Unis.\r\n\r\nIl a publié son premier roman en 1974 et est rapidement devenu célèbre pour ses contributions dans le domaine de l''horreur mais a également écrit des livres relevant d''autres genres comme le fantastique, la fantasy, la science-fiction et le roman policier. Tout au long de sa carrière, il a écrit et publié plus de cinquante romans, dont sept sous le pseudonyme de Richard Bachman, et environ deux cents nouvelles, dont plus de la moitié sont réunies dans dix recueils de nouvelles. Depuis son grave accident survenu en 1999, il a ralenti son rythme d''écriture. ', NULL, '2016-06-06 13:45:47', NULL),
(18, 'J.M Erre', '1971-01-01', NULL, 1, 'Jean-Marcel Erre, publié sous la signature J.M. Erre est un écrivain français né en 1971 à Perpignan, France.\r\n\r\nIl publie son premier roman en 2006, Prenez soin du chien, une enquête loufoque mettant aux prises les locataires de deux immeubles jumeaux.\r\n\r\nSes romans, au rythme soutenu et à l''humour frisant l''absurde, sont une curiosité dans le paysage littéraire français qui a tendance à délaisser le genre.', NULL, '2016-06-06 13:45:47', NULL),
(19, 'Xavier Deutsch', '1965-02-09', NULL, 2, 'Xavier Deutsch est un écrivain belge né à Louvain.\r\n\r\nEn janvier 1989, il publie son premier roman : La Nuit dans les yeux, chez Gallimard. Il a reçu divers prix littéraires comme le prix Mæterlinck pour Les Garçons en 1990, le prix Victor-Rossel le 4 décembre 2002 pour son roman La Belle Étoile.\r\n\r\nEn 1994, il publie « La guerre que je n''ai pas voulue », un petit livre illustré expliquant aux plus jeunes la guerre en Yougoslavie de 1991.\r\n\r\nLe 29 août 2012, Xavier Deutsch cosigne une carte blanche dans La Libre Belgique intitulée « Michelle Martin, vous n''êtes pas seule » dans laquelle il souligne, à propos de la libération anticipée de Michelle Martin, ex-épouse et complice de Marc Dutroux, que « la justice doit s’exercer de manière impartiale, à l’abri de toute pression ».', NULL, '2016-06-06 13:45:47', NULL),
(20, 'Pierre Corneille', '1606-06-06', '1684-10-01', 1, 'Pierre Corneille, aussi appelé « le Grand Corneille » ou « Corneille l''aîné », est né à Rouen et est décédé à Paris (paroisse Saint-Roch). Il est un dramaturge et poète français du XVIIe siècle.\r\n\r\nIssu d''une famille de la bourgeoisie de robe, Pierre Corneille, après des études de droit, occupa des offices d''avocat à Rouen tout en se tournant vers la littérature, comme bon nombre de diplômés en droit de son temps. Il écrivit d''abord des comédies comme Mélite, La Place royale, L''Illusion comique, et des tragi-comédies Clitandre (vers 1630) et en 1637, Le Cid, qui fut un triomphe, malgré les critiques de ses rivaux et des théoriciens. Il avait aussi donné dès 1634-35 une tragédie mythologique (Médée), mais ce n''est qu''en 1640 qu''il se lança dans la voie de la tragédie historique — il fut le dernier des poètes dramatiques de sa génération à le faire —, donnant ainsi ce que la postérité considéra comme ses chefs-d’œuvre : Horace, Cinna, Polyeucte, Rodogune, Héraclius et Nicomède.\r\n\r\n', NULL, '2016-06-06 13:45:47', NULL),
(21, 'Jean de La Fontaine', '1621-07-08', '1965-04-13', 1, 'Jean de La Fontaine est né à Château-Thierry et est décédé à Paris. Il est un poète français de grande renommée, principalement pour ses Fables et dans une moindre mesure ses contes licencieux. On lui doit également des poèmes divers, des pièces de théâtre et des livrets d''opéra qui confirment son ambition de moraliste.\r\n\r\nProche de Nicolas Fouquet, Jean de La Fontaine reste à l''écart de la cour royale mais fréquente les salons comme celui de Madame de La Sablière et malgré des oppositions, il est reçu à l''Académie française en 1684. Mêlé aux débats de l''époque, il se range dans le parti des Anciens dans la fameuse Querelle des Anciens et des Modernes.\r\n\r\nC''est en effet en s''inspirant des fabulistes de l''Antiquité gréco-latine et en particulier d''Ésope, qu''il écrit les Fables qui font sa renommée. Le brillant maniement des vers et la visée morale des textes, parfois plus complexes qu''il n''y paraît à la première lecture, ont déterminé le succès de cette œuvre à part et les Fables de La Fontaine sont toujours considérées comme un des plus grands chefs-d’œuvre de la littérature française. Le fabuliste a éclipsé le conteur d''autant que le souci moralisant a mis dans l’ombre les contes licencieux publiés entre 1665 et 1674.', NULL, '2016-06-06 14:35:21', NULL),
(22, 'Marcel Pagnol', '1895-02-28', '1974-04-18', 1, 'Marcel Pagnol est un écrivain, dramaturge, cinéaste et producteur français, né à Aubagne (Bouches-du-Rhône) et mort à Paris.\r\n\r\nIl devient célèbre avec Marius, pièce représentée au théâtre en mars 1929. Il fonde à Marseille en 1934 sa propre société de production et ses studios de cinéma, et réalise de nombreux films avec les grands acteurs de la période (en particulier Raimu, Fernandel et Pierre Fresnay) : Angèle (1934), Regain (1937), La Femme du boulanger (1938)…\r\n\r\nEn 1946, il est élu à l''Académie française. Après 1956, il s''éloigne du cinéma et du théâtre, et entreprend la rédaction de ses Souvenirs d''enfance avec notamment La Gloire de mon père et Le Château de ma mère. Il publie enfin, en 1962, L''Eau des collines, roman en deux tomes : Jean de Florette et Manon des Sources, inspiré de son film Manon des sources, réalisé dix ans auparavant et interprété par son épouse Jacqueline Pagnol.', NULL, '2016-06-06 14:35:21', NULL),
(23, 'Moka', '1958-06-07', NULL, 1, 'Elvire Murail, née dans le Havre, est une écrivaine française, principalement auteur de livres pour la jeunesse sous le nom de plume de Moka.\r\n\r\nDiplômée de l''Université de Cambridge, elle commence sa carrière littéraire par des romans pour adultes. Elle connait le succès avec son premier livre, Escalier C, qui sera porté au cinéma par Jean-Charles Tacchella en 1984.\r\n\r\nAprès avoir signé quatre romans pour adultes, elle entre en littérature de jeunesse en 1989 sous le pseudonyme de Moka. Elle signe de ce pseudonyme plus de soixante-dix romans pour la jeunesse, édités principalement à L''École des loisirs dans les collections Mouche, Neuf et Médium. Ces romans sont pour la plupart des livres de mystères entre policier et fantastique pour adolescents de 10 à 15 ans.\r\n\r\nDepuis 1996, elle s''engage à défendre une littérature jeunesse de qualité au sein de l''association de la Charte des Auteurs et Illustrateurs pour la Jeunesse dont elle fut Trésorière de 1999 à 2007. Elle fut également Commissaire permanent chargée des affaires générales de la Sofia (Société Française des Intérêts des Auteurs de l''écrit) jusqu''en 2007.\r\n\r\nElle travaille également comme scénariste et dialoguiste pour le cinéma et la télévision', NULL, '2016-06-06 14:35:21', NULL),
(24, 'John Boyne', '1971-04-30', NULL, 7, 'John Boyne, né à Dublin, est un écrivain irlandais.\r\n\r\nIl a étudié au Trinity Collège. Il est l''auteur de romans ainsi que de plusieurs nouvelles et articles.', NULL, '2016-06-06 14:35:21', NULL),
(25, 'Voltaire', '1964-11-21', '1778-05-30', 1, 'François-Marie Arouet, dit Voltaire, né à Paris et décédé dans la même ville, est un écrivain et philosophe français qui a marqué le XVIIIe siècle et qui occupe une place particulière dans la mémoire collective française et internationale.\r\n\r\nFigure emblématique de la philosophie des Lumières, chef de file du parti philosophique, son nom reste attaché à son combat contre le fanatisme religieux, qu’il nomme « l’Infâme », pour la tolérance et la liberté de pensée.\r\n\r\nSon œuvre littéraire est variée : son théâtre, sa poésie épique, ses œuvres historiques, firent de lui l’un des écrivains français les plus célèbres au XVIIIe siècle mais elle comprend également des contes et romans, les Lettres philosophiques, le Dictionnaire philosophique et une importante correspondance, plus de 21 000 lettres retrouvées.\r\n\r\nTout au long de sa vie, Voltaire fréquente les Grands et courtise les monarques, sans dissimuler son dédain pour le peuple, mais il est aussi en butte aux interventions du pouvoir, qui l’embastille et le contraint à l’exil en Angleterre ou à l’écart de Paris. Il se réfugie un peu plus tard aux Délices, près de Genève, avant d’acquérir en 1759 un domaine à Ferney, sur la frontière franco-genevoise, à l’abri des puissants. Il ne reviendra à Paris qu’en 1778, ovationné par le peuple après une absence de près de vingt-huit ans. Il y meurt à 83 ans.', NULL, '2016-06-06 14:35:21', NULL),
(26, 'Eric-Emmanuel Schmitt', '1960-03-28', NULL, 1, 'Éric-Emmanuel Schmitt, né à Sainte-Foy-lès-Lyon dans la région Rhône-Alpes, est un dramaturge, nouvelliste, romancier et réalisateur français naturalisé belge en 2008.\r\n\r\nPendant son enfance, Eric Emmanuel va voir au théâtre des Célestins une représentation de Cyrano de Bergerac avec Jean Marais. L''enfant est bouleversé jusqu''aux larmes et le théâtre devient sa passion. En effet, au sortir de la pièce, il annonce à sa mère qu''il veut « être comme le monsieur sur l''affiche ».\r\n\r\nIl se met alors à écrire. Il dira plus tard : « À seize ans, j''avais compris – ou décidé – que j''étais écrivain, et j''ai composé, mis en scène et joué mes premières pièces au lycée. » Pour améliorer son style, il se livre avec fougue et ferveur à des exercices de réécritures et de pastiches, en particulier de Molière.\r\n\r\nAprès une khâgne au lycée du Parc, Schmitt réussit le concours d''entrée de l''École normale supérieure. Il y étudie de 1980 à 1985 et en sort agrégé de philosophie. Sa thèse de doctorat, soutenue en 1987, a pour titre « Diderot et la métaphysique ». Elle sera publiée en 1997 sous le titre « Diderot ou la philosophie de la séduction ».', NULL, '2016-06-06 14:35:21', NULL),
(27, 'Charles Baudelaire', '1821-04-09', '1867-08-31', 1, 'Charles Baudelaire est un poète français, né à Paris et mort dans la même ville,dans le 16e arrondissement.\r\n\r\n« Dante d''une époque déchue » selon le mot de Barbey d''Aurevilly, « tourné vers le classicisme, nourri de romantisme », à la croisée entre le Parnasse et le symbolisme, chantre de la « modernité », il occupe une place considérable parmi les poètes français pour un recueil certes bref au regard de l''œuvre de son contemporain Victor Hugo, mais qu''il aura façonné sa vie durant : Les Fleurs du mal.\r\n\r\nAu cœur des débats sur la fonction de la littérature de son époque, Baudelaire détache la poésie de la morale, la proclame tout entière destinée au Beau et non à la Vérité. Comme le suggère le titre de son recueil, il a tenté de tisser des liens entre le mal et la beauté, le bonheur fugitif et l''idéal inaccessible (À une passante), la violence et la volupté (Une martyre), mais aussi entre le poète et son lecteur (« Hypocrite lecteur, mon semblable, mon frère ») et même entre les artistes à travers les âges (Les Phares). Outre des poèmes graves (Semper Eadem) ou scandaleux (Delphine et Hippolyte), il a exprimé la mélancolie (Mœsta et errabunda), l''horreur (Une charogne) et l''envie d''ailleurs (L''Invitation au voyage) à travers l''exotisme.', NULL, '2016-06-06 14:35:21', NULL),
(28, 'Yasmina Khadra', '1955-01-10', NULL, 8, 'Yasmina Khadra est le pseudonyme de l''écrivain algérien Mohammed Moulessehoul, né à Kenadsa dans le Sahara algérien. Ce pseudonyme est composé des deux prénoms de son épouse.\r\n\r\nSon père est un officier de l''ALN blessé en 1958. Il envoie son fils dès l''âge de neuf ans dans un lycée militaire afin de faire de lui un officier. Mohammed Moulessehoul effectue toutes ses études dans des écoles militaires avant de servir comme officier dans l''armée algérienne pendant vingt-cinq ans. Durant la guerre civile algérienne, dans les années 1990, il est l''un des principaux responsables de la lutte contre l''AIS puis le GIA, en particulier en Oranie. Il atteint le grade de commandant.\r\n\r\nMohammed Moulessehoul a publié six romans sous son nom de 1984 à 1989 et obtient plusieurs prix littéraires. Pour échapper au Comité de censure militaire, institué en 1988, il opte pour la clandestinité et publie son roman Le Dingue au bistouri, le premier dans la série des « Commissaire Llob ». Il écrit pendant onze ans sous différents pseudonymes et collabore à plusieurs journaux algériens et étrangers pour défendre les écrivains algériens. En 1997 paraît en France, chez l''éditeur parisien Baleine, Morituri qui le révèle au grand public, sous le pseudonyme Yasmina Khadra.\r\n\r\nIl opte définitivement pour ce pseudonyme, qui sont les deux prénoms de son épouse, laquelle en porte un troisième, Amel en hommage à Amel Eldjazaïri, petite-fille de l''Emir Abdelkader.', NULL, '2016-06-06 14:35:21', NULL),
(29, 'Bernard Werber', '1961-09-18', NULL, 1, 'Bernard Werber, né à Toulouse, est un écrivain français. Il est principalement connu pour sa trilogie des Fourmis.\r\n\r\nSon œuvre, traduite dans une trentaine de langues, fait se rencontrer spiritualité, science-fiction, polar, biologie, mythologie, etc. L''auteur qualifie parfois son style de « philosophie-fiction ».\r\n\r\nIl fut tout d’abord un enfant inspiré par le dessin. À 5 ans, il veut devenir dessinateur professionnel. Mais à 8 ans, il écrit, dans le cadre d''un travail scolaire, l''histoire d''une puce se promenant sur un corps humain, ce qui le fait dévier de son rêve original. Tout au long de sa scolarité, il se consacre à la lecture ainsi qu’à l’écriture en montant un journal pour son lycée qu’il nomme Euphorie. Après son bac, il commence l’écriture des Fourmis d’après un scénario de sept pages pour en faire, avec Fabrice Coget, une bande dessinée. Après ses études en criminologie à Toulouse et de journalisme à l''ESJ de Paris, il devient pigiste dans plusieurs journaux (L''Événement, Le Point, VSD, etc.) puis journaliste scientifique de 1983 à 1990 au Nouvel Observateur. Il rédige aussi des billets d''humour dans le magazine Eurêka. De ces années lui vient son goût pour la science, qu’il mêle avec ses thèmes favoris, des fourmis à la mort jusqu’aux origines de l’humanité.\r\n', NULL, '2016-06-06 14:35:21', NULL),
(30, 'Jules Verne', '1828-02-08', '1905-03-24', 1, 'Jules Verne, ou Jules-Gabriel Verne sous son nom de naissance, né à Nantes et mort à Amiens, est un écrivain français dont l''œuvre est, pour la plus grande partie, constituée de romans d''aventures et de science-fiction (ou d''anticipation).\r\n\r\nEn 1863 paraît son premier roman Cinq semaines en ballon, qui connaît un très grand succès y compris à l''étranger. Lié à l''éditeur par un contrat de vingt ans, Jules Verne travaillera en fait pendant quarante ans à ses Voyages extraordinaires, qui compteront 62 romans et 18 nouvelles et paraîtront pour une partie d''entre eux dans la revue destinée à la jeunesse le Magasin d''éducation et de récréation. Les intrigues des romans de Jules Verne — toujours richement documentés — se déroulent généralement au cours de la deuxième moitié du XIXe siècle, prenant en compte les technologies disponibles à l''époque (Les Enfants du capitaine Grant (1868), Le Tour du monde en quatre-vingts jours (1873), Michel Strogoff (1876), L''Étoile du sud (1884), etc.) mais aussi d''autres non encore maîtrisées, ou plus fantaisistes (De la Terre à la Lune (1865), Vingt mille lieues sous les mers (1870), Robur le conquérant (1886), etc.).\r\n\r\nL’œuvre de Jules Verne est populaire dans le monde entier et, selon l’Index Translationum, avec un total de 4 702 traductions, il vient au deuxième rang des auteurs les plus traduits en langue étrangère après Agatha Christie1. Il est ainsi en 2011 l''auteur de langue française le plus traduit dans le monde. L''année 2005 a été déclarée « année Jules Verne », à l''occasion du centenaire de la mort de l''auteur.', NULL, '2016-06-06 14:35:21', NULL),
(31, 'Christian Grenier', '1945-06-26', NULL, 1, 'Christian Grenier, né à Paris, est un écrivain français de romans, de pièces de théâtre et de nouvelles pour la jeunesse. Ses domaines de prédilection sont la science-fiction et le policier.\r\n\r\nChristian Grenier est plongé dès son enfance dans le théâtre et souhaitait devenir acteur. Ses parents s''y opposant, il choisit de suivre des études de lettres, qui l''amèneront finalement à la profession d''enseignant (professeur de français). C''est dans un collège parisien qu''il animera des clubs d''astronomie, de science-fiction, et de théâtre, passions qu''il a découvertes très jeune — ce sont les progrès dans le domaine de la conquête de l''espace, depuis la fin des années 1950, qui le poussent à explorer ces univers qu''il transformera en science-fiction.\r\n\r\nMis à contribution par les éditeurs, notamment dans les rôles de lecteur, correcteur et rewriter, il n''exerce finalement plus qu''en temps partiel, avant de quitter définitivement l''enseignement (et Paris par la même occasion), en 1990, pour se consacrer à l''écriture dans le Périgord1 (Dordogne) ainsi qu''à sa famille.', NULL, '2016-06-06 15:07:48', NULL),
(32, 'Patrick Cauvin', '1932-10-06', '2010-08-13', 1, 'Patrick Cauvin, pseudonyme de Claude Klotz, né à Marseille et mort à Paris, est un scénariste et romancier français.\r\n\r\nSon père l’emmène très tôt voir une multitude de films américains. Humphrey Bogart incarne alors, à ses yeux, l’image emblématique du cinéma.\r\n\r\nIl monte à Paris en 1938 et amorce des études peu fructueuses, jusqu''à ce qu''il découvre la philosophie.\r\n\r\nDe 1951 à 1954, Claude Klotz poursuit ses études à la Sorbonne, où il obtient une licence de philosophie. À son retour de la Guerre d''Algérie, il se destine à l''enseignement. De 1964 à 1976, il enseigne le français dans des lycées de la région parisienne (au lycée technique de Bezons) et réside dans des HLM à Sarcelles.\r\n\r\nEn 1973, il aide Joseph Joffo à écrire le best-seller Un sac de billes.\r\n\r\nMarqué par la guerre d''Algérie, il écrit des romans noirs sous son vrai nom : une série de treize intrigues policières sanglantes au héros récurrent baptisé Reiner, puis renommé Raner. Lassé de cet univers âpre, Claude Klotz apporte en 1974 une histoire d’amour à son éditeur Jean-Claude Lattès. Ce dernier lui demande de changer de nom s’il espère vendre son roman L’Amour aveugle. Il prend alors le pseudonyme de Patrick Cauvin.\r\n\r\nEn 1980, il est rédacteur d’une chronique de cinéma illustrée par le dessinateur Régis Franc, dans le magazine de bande dessinée Pilote.\r\n\r\n\r\nAvec l’œil d’un journaliste attentif et passionné, il signe en 2001 La Reine du monde, un roman colonial dédié aux peuples africains. L''écrivain s’impose un rythme de travail qui n’excède pas quatre heures d’écriture quotidiennes. Patrick Cauvin se met en 2002 dans la peau de son double, Claude Klotz, en signant un thriller au suspense implacable : Le Sang des roses.', NULL, '2016-06-06 15:07:48', NULL),
(33, 'Molière', '1622-01-15', '1673-02-17', 1, 'Jean-Baptiste Poquelin, dit Molière, né à Paris et mort à l''âge de 51 ans dans la même ville, est un dramaturge et comédien français, considéré comme l''un des plus grands écrivains de la littérature universelle. Il fut en outre le chef d''une troupe de théâtre, qui est à l''origine de l''actuelle Comédie-Française et qui s''illustra, à Paris et en province, sous la régence d''Anne d''Autriche et dans les douze premières années du règne personnel de Louis XIV.\r\n\r\nPeintre des mœurs de son temps, surtout de la bourgeoisie dont il dénonce les travers (prétention nobiliaire, place des femmes, mariage d''intérêt…), Molière a créé en même temps des personnages individualisés emblématiques et approfondis dont la liste est longue : Monsieur Jourdain, Harpagon, Alceste et Célimène, Tartuffe et Orgon, Argan le malade imaginaire… .\r\n\r\nContrairement à la plupart des auteurs de comédie de son temps, l''invention dramatique de Molière s''appuie peu sur l''imitation de modèles antiques ou étrangers : après avoir commencé à adapter les Italiens, auxquels il reviendra de loin en loin, il se tournera à deux reprises seulement vers le théâtre de Plaute. Pour le reste, il construit des intrigues originales en combinant divers schémas narratifs puisés ici et là, notamment dans le Décaméron de Boccace, les nouvelles de Straparole ou de Scarron et les fabliauxn… .\r\n\r\nMolière demeure depuis le XVIIe siècle le plus joué et le plus lu des auteurs français de comédies, chaque époque trouvant en lui des thématiques modernes. Il constitue aussi un des piliers de l''enseignement littéraire en France. Signe de la place emblématique qu''il occupe dans la culture française, le français est couramment désigné comme « la langue de Molière », de même que l''anglais est « la langue de Shakespeare ».', NULL, '2016-06-06 15:07:48', NULL),
(34, 'Jean Racine', '1639-12-21', '1699-04-21', 1, 'Jean Racine, né et décédé à Paris, est un dramaturge et poète français, considéré comme l''un des plus grands auteurs de tragédies de la période classique en France.\r\n\r\nIssu d''une famille de petits notables et vite orphelin, il est éduqué par les « Solitaires » de Port-Royal et reçoit une solide éducation littéraire et religieuse. Il choisit ensuite de se consacrer à la littérature et particulièrement au théâtre en faisant jouer La Thébaïde en 1664 et Alexandre le Grand en 1665, qui est son premier succès et qui lui vaut le soutien du jeune roi Louis XIV, tandis qu’il se brouille avec Molière.\r\n\r\nLe succès d''Andromaque en 1667 ouvre une décennie de grande création où l''on trouve à côté d''une unique comédie (Les Plaideurs en 1668) six grandes tragédies : Britannicus (1669), Bérénice (1670), Bajazet (1672), Mithridate (1673), Iphigénie (1674) et Phèdre (1677). Élu à l''Académie française en 1672, et parvenu au faîte de la gloire grâce à Iphigénie et Phèdre tout en ayant acquis une confortable aisance financière, il se laissa convaincre par ses appuis haut placés à la Cour (notamment Mme de Montespan et sa sœur Mme de Thianges) d''abandonner le « métier de poésie » pour briguer le « glorieux emploi » d''historien du roi. Devenu l''un des courtisans les plus proches du Roi-Soleil, il n''abandonna quelquefois son travail d''historien que pour répondre à la demande de Madame de Maintenon en donnant deux tragédies aux sujets bibliques aux jeunes filles de Saint-Cyr : Esther (en 1689) et Athalie (en 1691), ou pour écrire dans le plus grand secret son Abrégé de l''histoire de Port-Royal (publié seulement cinquante ans après sa mort). L''énorme travail auquel il avait consacré l''essentiel des vingt dernières années de sa vie, l''histoire de Louis XIV, disparut entièrement dans l''incendie de la maison de son successeur, Valincour.\r\n\r\nPrivilégiant les sujets grecs, Racine, cherchant à rivaliser avec Pierre Corneille, a néanmoins traité trois sujets romains, et un sujet moderne, Bajazet (1672), mais décalé dans l''espace puisque se déroulant dans l''Empire ottoman. On a pu lui reprocher le manque de vérité historique (dans Britannicus ou Mithridate par exemple) et le manque d''action (particulièrement dans Bérénice), mais on a salué la musique de ses vers, son respect assez strict des unités de temps, de lieu et d''action qui renforcent la densité et le sentiment tragique, ainsi que de la vraisemblance psychologique : les passions de chacun deviennent en effet les instruments du destin. Parmi ces passions, l''amour tient la première place et Racine l''analyse avec ses manifestations physiologiques2. La passion anime et détruit les personnages pourtant tout-puissants (rois, empereurs, princesses...) qui tentent en vain de lutter contre la pente fatale de l''entraînement des passions. Racine est ainsi parvenu à montrer si puissamment ce cheminement inexorable propre à faire naître la frayeur et la pitié (Aristote les présentait comme les deux émotions fondamentales du genre tragique) que la critique a longtemps estimé qu''il avait cherché à associer la prédestination janséniste et le fatum des tragédies de l''Antiquité.', NULL, '2016-06-06 15:07:48', NULL),
(35, 'Balzac', '1799-05-20', '1850-08-18', 1, 'Honoré de Balzac, né Honoré Balzac à Tours et mort à Paris, est un écrivain français. Romancier, dramaturge, critique littéraire, critique d''art, essayiste, journaliste et imprimeur, il a laissé l''une des plus imposantes œuvres romanesques de la littérature française, avec plus de quatre-vingt-dix romans et nouvelles parus de 1829 à 1855, réunis sous le titre La Comédie humaine. À cela s''ajoutent Les Cent Contes drolatiques, ainsi que des romans de jeunesse publiés sous des pseudonymes et quelque vingt-cinq œuvres ébauchées.\r\n\r\nIl est un maître du roman français, dont il a abordé plusieurs genres, du roman philosophique avec Le Chef-d''œuvre inconnu au roman fantastique avec La Peau de chagrin ou encore au roman poétique avec Le Lys dans la vallée. Il a surtout excellé dans la veine du réalisme, avec notamment Le Père Goriot et Eugénie Grandet, mais il s''agit d''un réalisme visionnaire, que transcende la puissance de son imagination créatrice.\r\n\r\nComme il l''explique dans son Avant-Propos à La Comédie humaine, il a pour projet d''identifier les « Espèces sociales » de son époque. Ayant découvert par ses lectures de Walter Scott que le roman pouvait atteindre à une « valeur philosophique », il veut explorer les différentes classes sociales et les individus qui les composent.\r\n\r\nL''auteur décrit la montée du capitalisme et l''absorption par la bourgeoisie d''une noblesse incapable de s''adapter aux réalités nouvelles. Intéressé par les êtres qui ont un destin, il crée des personnages plus grands que nature, au point qu''on a pu dire que, dans ses romans, « chacun, même les portières, a du génie ».\r\n\r\nOutre sa production littéraire, il écrit des articles dans les journaux et dirige successivement deux revues, qui feront faillite. Convaincu de la haute mission de l''écrivain, qui doit régner par la pensée, il lutte pour le respect des droits d''auteur et contribue à la fondation de la Société des gens de lettres.\r\n\r\nTravailleur forcené, fragilisant par ses excès une santé précaire, endetté à la suite d''investissements hasardeux et de dépenses somptuaires, fuyant ses créanciers sous de faux noms dans différentes demeures, Balzac a aussi eu de nombreuses liaisons féminines avant d''épouser, en 1850, la comtesse Hańska, qu''il avait courtisée pendant dix-sept ans. Comme l’argent qu’il gagnait avec sa plume ne suffisait pas à payer ses dettes, il avait sans cesse en tête des projets mirobolants : une imprimerie, un journal, une mine d''argent. C’est dans un palais situé rue Fortunée qu’il meurt profondément endetté au milieu d’un luxe inouï.\r\n\r\nLu et admiré dans toute l''Europe, Balzac a fortement influencé les écrivains de son temps et du siècle suivant. Le roman L''Éducation sentimentale de Gustave Flaubert est directement inspiré du Lys dans la vallée, et Madame Bovary, de La Femme de trente ans. Le principe du retour de personnages évoluant et se transformant au sein d''un vaste cycle romanesque a notamment inspiré Émile Zola et Marcel Proust. Ses œuvres continuent d''être rééditées. Le cinéma a adapté La Marâtre dès 1906 ; depuis, les adaptations cinématographiques et télévisuelles de cette œuvre immense se sont multipliées, avec plus d''une centaine de films et téléfilms produits à travers le monde.', NULL, '2016-06-06 15:07:48', NULL),
(36, 'Zola', '1840-04-02', '1902-09-29', 1, 'Émile Zola est un écrivain et journaliste français, né à Paris et décédé dans la même ville. Considéré comme le chef de file du naturalisme, c''est l''un des romanciers français les plus populaires2, les plus publiés, traduits et commentés au monde. Ses romans ont connu de très nombreuses adaptations au cinéma et à la télévision.\r\n\r\nSa vie et son œuvre ont fait l''objet de nombreuses études historiques. Sur le plan littéraire, il est principalement connu pour Les Rougon-Macquart, fresque romanesque en vingt volumes dépeignant la société française sous le Second Empire et qui met en scène la trajectoire de la famille des Rougon-Macquart, à travers ses différentes générations et dont chacun des représentants d''une époque et d''une génération particulière fait l''objet d''un roman.\r\n\r\nLes dernières années de sa vie sont marquées par son engagement dans l''affaire Dreyfus avec la publication en janvier 1898, dans le quotidien L''Aurore, de l''article intitulé « J''accuse » qui lui a valu un procès pour diffamation et un exil à Londres la même année.', NULL, '0000-00-00 00:00:00', NULL),
(37, 'Alain Fournier', '1886-10-03', '1914-09-22', 1, 'Alain-Fournier, demi-pseudonyme d''Henri-Alban Fournier, né à La Chapelle-d''Angillon dans le Cher et mort au combat à Saint-Remy-la-Calonne, est un écrivain français, dont l’œuvre la plus célèbre est Le Grand Meaulnes.\r\n\r\nAlain-Fournier est généralement considéré comme l’auteur d’un seul livre : son roman Le Grand Meaulnes publié en 1913, alors qu’il avait vingt-sept ans, n’est pourtant pas son seul écrit. C’est d’abord par des poèmes en vers libres qu’Henri Fournier manifeste à partir de l’été 1904 – il a dix-sept ans – son désir de devenir écrivain. Quelques-uns de ces premiers poèmes et nouvelles ont été publiés de son vivant dans diverses revues, connaissant un certain succès ; avec la plupart des autres, ils furent rassemblés en 1924, par son beau-frère Jacques Rivière chez Gallimard, sous le titre Miracles. Dès le 13 août 1905, au cours de son séjour à Londres, Henri Fournier déclarait, dans une lettre à son ami Jacques, former un autre projet, celui d’être romancier, à la manière de Dickens. Et sans doute peut-on dater de cette époque les toutes premières ébauches du Grand Meaulnes.', NULL, '2016-06-06 15:07:48', NULL),
(38, 'Albert Camus', '1913-11-07', '1960-01-04', 1, 'Albert Camus, né en Algérie, et mort dans l''Yonne en France, est un écrivain, philosophe, romancier, dramaturge, essayiste et nouvelliste français. Il est aussi journaliste militant engagé dans la Résistance française et, proche des courants libertaires, dans les combats moraux de l''après-guerre.\r\n\r\nSon œuvre comprend des pièces de théâtre, des romans, des nouvelles, des films, des poèmes et des essais dans lesquels il développe un humanisme fondé sur la prise de conscience de l''absurde de la condition humaine mais aussi sur la révolte comme réponse à l''absurde, révolte qui conduit à l''action et donne un sens au monde et à l''existence.\r\n\r\nDans le journal Combat, ses prises de position sont audacieuses, aussi bien sur la question de l''indépendance de l''Algérie que sur ses rapports avec le Parti communiste français, qu''il quitte après un court passage de deux ans.\r\n\r\nIl ne se dérobe devant aucun combat, protestant successivement contre les inégalités qui frappent les musulmans d''Afrique du Nord, puis contre la caricature du pied-noir exploiteur, ou prenant la défense des Espagnols exilés antifascistes, des victimes du stalinisme et des objecteurs de conscience.\r\n\r\nEn marge des courants philosophiques, Camus est d''abord témoin de son temps, intransigeant, refusant toute compromission. Il n''a cessé de lutter contre toutes les idéologies et les abstractions qui détournent de l''humain. Il est ainsi amené à s''opposer à l''existentialisme et au marxisme et à se brouiller avec Sartre et d''anciens amis. En ce sens, il incarne une des plus hautes consciences morales du XXe siècle — l''humanisme de ses écrits ayant été forgé dans l''expérience des pires moments de l''histoire. Sa critique du totalitarisme soviétique lui vaut les anathèmes des communistes et sa rupture avec Jean-Paul Sartre.\r\n\r\nIl reçoit le prix Nobel de littérature en 1957.', NULL, '2016-06-06 15:07:48', NULL);

-- --------------------------------------------------------

--
-- Structure de la table `author_book`
--

CREATE TABLE IF NOT EXISTS `author_book` (
  `author_id` int(11) unsigned DEFAULT NULL,
  `book_id` int(11) unsigned DEFAULT NULL,
  KEY `author_id` (`author_id`),
  KEY `book_id` (`book_id`)
) ENGINE=InnoDB DEFAULT CHARSET=utf8;

--
-- Contenu de la table `author_book`
--

INSERT INTO `author_book` (`author_id`, `book_id`) VALUES
(1, 1),
(2, 2),
(3, 3),
(6, 4),
(1, 10),
(1, 11),
(1, 12),
(1, 13),
(1, 14),
(1, 15),
(2, 16),
(11, 17),
(16, 18),
(13, 19),
(12, 20),
(14, 21),
(15, 22),
(17, 23),
(17, 24),
(7, 25),
(7, 25),
(8, 27),
(18, 28),
(19, 29),
(20, 30),
(21, 31),
(22, 32),
(27, 33),
(28, 34),
(29, 35),
(23, 36),
(24, 37),
(25, 38),
(26, 39),
(26, 40),
(30, 41),
(31, 42),
(32, 43),
(33, 44),
(34, 45),
(35, 46),
(36, 47),
(37, 48),
(38, 49);

-- --------------------------------------------------------

--
-- Structure de la table `books`
--

CREATE TABLE IF NOT EXISTS `books` (
  `id` int(10) unsigned NOT NULL AUTO_INCREMENT,
  `isbn` varchar(15) NOT NULL,
  `title` varchar(255) NOT NULL,
  `nationality_id` int(10) unsigned DEFAULT NULL,
  `editor_id` int(10) unsigned DEFAULT NULL,
  `published_at` date DEFAULT NULL,
  `summary` text,
  `cover` varchar(255) DEFAULT NULL,
  `page_num` smallint(5) unsigned DEFAULT NULL,
  `created_at` timestamp NOT NULL DEFAULT CURRENT_TIMESTAMP,
  `updated_at` timestamp NULL DEFAULT NULL,
  PRIMARY KEY (`id`),
  KEY `editor_id` (`editor_id`),
  KEY `nationality_id` (`nationality_id`)
) ENGINE=InnoDB  DEFAULT CHARSET=utf8 AUTO_INCREMENT=50 ;

--
-- Contenu de la table `books`
--

INSERT INTO `books` (`id`, `isbn`, `title`, `nationality_id`, `editor_id`, `published_at`, `summary`, `cover`, `page_num`, `created_at`, `updated_at`) VALUES
(1, '9782070643073', 'Harry Potter et le Prince de Sang-Mêlé', 3, 1, NULL, 'Dans un monde de plus en plus inquiétant, Harry se prépare à retrouver Ron et Hermione. Bientôt, ce sera la rentrée à Poudlard, avec les autres étudiants de sixième année. Mais pourquoi Dumbledore vient-il en personne chercher Harry chez les Dursley ? Dans quels extraordinaires voyages au cœur de la mémoire va-t-il l''entraîner ?', NULL, NULL, '2016-06-06 07:54:03', NULL),
(2, '9782266087896', 'Chéri, tu m''écoutes ?', 1, 2, NULL, 'L''AMOUR A TOUS LES ÂGES : depuis Attila, 7 ans, fou de passion pour sa maîtresse d''école et qui veut l''épouser, jusqu''à Lilibelle, la grand-mère de 75 ans qui fugue à Las Vegas se marier avec un contre-amiral de 80 printemps. En passant par tous les membres de la chère famille de l''auteur / Vous ( c''est-à- dire un peu toutes les femmes) ; l''Homme (l''éternel macho) ; Petite Chérie et sa meute d''amoureux ; fille aînée aux prises avec monsieur Gendre N°1, Monsieur Gendre N°2 et ses enfants adolescents dont elle découvre, à son tour avec surprise, les brulantes amourettes (elle a oublié les siennes).\r\nNicole de Buron s''amuse aussi de quelques problèmes en amour. La jalousie dont une épidémie ravage la Tribu. L''argent dans le couple (qui paye quoi ?). Les fêtes, y compris la pire : la Fête des mères avec ses colliers en noyaux de cerise ou en macaronis peints.\r\nEt le temps passe. Vous vous apercevez que l''Homme a plein de défauts agaçants (Vous aussi, si peu...). Mais vous en êtes toujours amoureuse. Parce que vous êtes une sainte (chérie).\r\nVoilà un livre qui, comme les lectrices l''écrivent souvent à Nicole de Buron, "est si drôle qu''il mérite d''être remboursé par la Sécurité Sociale" comme anti-dépresseur.', NULL, NULL, '2016-06-06 08:14:06', NULL),
(3, '9782253141709', 'Les Catilinaires', 2, 4, NULL, 'La solitude à deux, tel était le rêve d''Emile et de Juliette. Une maison au fond des bois pour y finir leurs jours, l''un près de l''autre. Etrangement, cette parfaite thébaïde comportait un voisin. Un nommé Palamède Bernardin, qui d''abord est venu se présenter, puis a pris l''habitude de s''incruster chez eux chaque après-midi, de quatre à six heures. Sans dire un mot, ou presque. Et cette présence absurde va peu à peu devenir plus dérangeante pour le couple que toutes les foules du monde... ', NULL, NULL, '2016-06-06 08:36:47', NULL),
(4, '9782253139478', 'On n''est pas sérieux quand on a dix-sept ans', 1, 5, NULL, '« Ce fut ma première et ma dernière grande histoire d''amour? » Par ces mots, lors de la soirée Sidaction en avril 1994, Barbara Samson bouleversait des millions de téléspectateurs. À dix-sept ans, parce que le garçon qu''elle aimait ne lui avait pas dit qu''il était séropositif, Barbara avait été contaminée par le virus du sida.C''est cette histoire qu?elle raconte ici. Et aussi, par-delà le drame, l''histoire d''une adolescence, les espérances et les doutes, la recherche de l?amour, le don éperdu de soi, tout ce qu''elle partage avec des milliers d''autres garçons et filles.', NULL, NULL, '2016-06-06 08:45:40', NULL),
(10, '9782070643028', 'Harry Potter à l''école des sorciers', 3, 1, NULL, 'Pour et Mrs Dursley, qui habitaient au 4, Privet Drive, avaient toujours affirmé avec la plus grande fierté qu''ils étaient parfaitement nor­maux, merci pour eux. Jamais quiconque n''aurait imaginé qu''ils puissent se trouver impliqués dans quoi que ce soit d''étrange ou de mystérieux. Ils n''avaient pas de temps à perdre avec des sornettes.\r\nMr Dursley dirigeait la Grunnings, une entreprise qui fabriquait des per­ceuses. C''était un homme grand et massif, qui n''avait pratiquement pas de cou, mais possédait en revanche une moustache de belle taille. Mrs Dursley, quant à elle, était mince et blonde et disposait d''un cou deux fois plus long que la moyenne, ce qui lui était fort utile pour espionner ses voi­sins en regardant par-dessus les clôtures des jardins. Les Dursley avaient un petit garçon prénommé Dudley et c''était à leurs yeux le plus bel enfant du monde.\r\nLes Dursley avaient tout ce qu''ils voulaient. La seule chose indésirable qu''ils possédaient, c''était un secret dont ils craignaient plus que tout qu''on le découvre un jour. Si jamais quiconque venait à entendre parler des Potter, ils étaient convaincus qu''ils ne s''en remettraient pas. Mrs Potter était la soeur de Mrs Dursley, mais toutes deux ne s''étaient plus revues depuis des années. En fait, Mrs Dursley faisait comme si elle était fille unique, car sa soeur et son bon à rien de mari étaient aussi éloignés que possible de tout ce qui faisait un Dursley. Les Dursley tremblaient d''épou­vante à la pensée de ce que diraient les voisins si par malheur les Potter se montraient dans leur rue. Ils savaient que les Potter, eux aussi, avaient un petit garçon, mais ils ne l''avaient jamais vu. Son existence constituait une raison supplémentaire de tenir les Potter à distance : il n''était pas question que le petit Dudley se mette à fréquenter un enfant comme celui-là.', NULL, NULL, '2016-06-07 00:40:38', NULL),
(11, '9782070643035', 'Harry Potter et la chambre des secrets', 3, 1, NULL, 'Une rentrée fracassante en voiture volante, une étrange malédiction qui s''abat sur les élèves, cette deuxième année à l''école des sorciers ne s''annonce pas de tout repos ! Harry Potter découvre une inscription énigmatique : « La Chambre des Secrets a été ouverte. Ennemis de l''héritier prenez garde ! » En compagnie de ses fidèles amis, Ron et Hermione, l''apprenti sorcier mène l''enquête...', NULL, NULL, '2016-06-07 00:40:38', NULL),
(12, '9782070643042', 'Harry Potter et le prisonnier d''Azkaban', 3, 1, NULL, 'Le monde des gens ordinaires, les Moldus, comme celui des sorciers, est en émoi : Sirius Black, un dangereux criminel, s''est échappé de la forteresse d''Azkaban. Les redoutables gardiens de la prison assureront la sécurité du collège Poudlard, car le prisonnier évadé recherche Harry Potter. C''est donc sous bonne garde que le jeune sorcier fait sa troisième rentrée. Mais est-il vraiment à l''abri du danger qui le menace ?', NULL, NULL, '2016-06-07 00:40:38', NULL),
(13, '9782070643059', 'Harry Potter et la Coupe de Feu', 3, 1, NULL, 'Harry Potter a quatorze ans et entre en quatrième année au collège de Poudlard. Une grande nouvelle attend Harry, Ron et Hermione à leur arrivée : la tenue d''un tournoi de magie exceptionnel entre les plus célèbres écoles de sorcellerie. Déjà les délégations étrangères font leur entrée. Harry se réjouit... Trop vite. Il va se trouver plongé au cœur des évènements les plus dramatiques qu''il ait jamais eu à affronter. ', NULL, NULL, '2016-06-07 00:40:38', NULL),
(14, ' 9782070643066', 'Harry Potter et l''Ordre du Phénix', 3, 1, NULL, 'À quinze ans, Harry entre en cinquième année à Poudlard mais il n''a jamais été aussi anxieux. L''adolescence, la perspective des examens et ces étranges cauchemars... Car Celui-Dont-On-Ne-Doit-Pas-Prononcer-Le-Nom est de retour. Le ministère de la Magie ne semble pas prendre cette menace au sérieux, contrairement à Dumbledore, le directeur du collège de Poudlard. La résistance s''organise alors autour de Harry qui va devoir compter sur le courage et la fidélité de ses amis de toujours... ', NULL, NULL, '2016-06-07 00:40:38', NULL),
(15, '9782070643080', 'Harry Potter et les Reliques de la mort', 3, 1, NULL, 'Cette année, Harry a dix-sept ans et ne retourne pas à Poudlard. Avec Ron et Hermione, il se consacre à la dernière mission confiée par Dumbledore. Mais le Seigneur des Ténèbres règne en maître. Traqués, les trois fidèles amis sont contraints à la clandestinité. D''épreuves en révélations, le courage, le choix et les sacrifices de Harry seront déterminants dans la lutte contre les forces du Mal. ', NULL, NULL, '2016-06-07 00:44:19', NULL),
(16, '9782290305850', 'Mais t''as tout pour être heureuse', 1, 2, NULL, '« Ce matin vous vous extirpez de dessous la couette avec fougue parce que l''homme n''est pas là. Parti à la campagne planter une centaine de pommiers. Qu''il a dit... Vous faites deux pas sur la moquette. Et d''un bond vous vous recouchez. » Assaillie plus que de coutume par ses compagnes des mauvais jours, « sueur angoisse » et « pieuvre géante », Madame réalise qu''il est grand temps de consulter. Que faire de sa vie lorsque ses enfants sont grands et que son mari est parti planter des pommiers ? La dépression est un mal bourgeois, peut-être ? À coup de considérations avisées sur le genre humain, entrecoupées de lucides analyses de ses états d''âme, notre héroine s''en sortira et nous entraînera dans de grands éclats de rire. ', NULL, NULL, '2016-06-07 00:55:15', NULL),
(17, '9782264056832', 'Je n''ai pas peur', 5, 4, NULL, 'Italie, été 1978, un hameau dans les Pouilles. Les gamins sillonnent la campagne brûlante. Suite à un gage, Michele repère un abri abandonné : là, dans un trou, un enfant, enchaîné comme un animal. Ballotté par les angoisses de ses neuf ans et ce lourd secret, il va découvrir la terrible vérité des adultes. Les monstres existent, et ils portent parfois des masques familiers...', NULL, NULL, '2016-06-07 00:55:15', NULL),
(18, '9782226320780', 'Le coma des mortels', 1, 6, NULL, 'Qui est Pierre ? Et d''ailleurs, se nomme-t-il vraiment Pierre?Un rêveur ? Un affabulateur ? Un assassin ?Une chose est certaine, on meurt beaucoup autour de lui. Et rarement de mort naturelle.', NULL, NULL, '2016-06-07 00:57:56', NULL),
(19, '9782211222839', 'Maité Coiffure', 1, 4, NULL, 'Louis Feyrières doit faire un stage d''une semaine, comme tous les élèves de troisième. Où ? Il n en sait rien. Ce qui est sûr, c''est qu il n''aime pas l''école et qu''il ne se sent bon à rien. « J ai ma coiffeuse qui prend des apprentis, dit Bonne-Maman, lors d un repas de famille. Stagiaire, c''est presque pareil. » Coiffeur ? C est pour les ratés, les analphabètes, décrète M. Feyrières qui, lui, est chirurgien. Louis se tait. Souvent. Mais il observe. Tout le temps. Comme il n''a rien trouvé d''autre, il entre comme stagiaire chez Maïté Coiffure. Et le voilà qui se découvre ponctuel, travailleur, entreprenant, doué ! L''atmosphère de fièvre joyeuse, les conversations avec les clientes, les odeurs des laques et des colorants, le carillon de la porte, les petits soucis et les grands drames de Mme Maïté, Fifi, Clara et Garance, tout l''attire au salon. Il s''y sent bien, chez lui. Dès le deuxième jour, Louis sait qu''il aura envie de rester plus d''une semaine chez Maïté Coiffure. Même si son père s''y oppose.', NULL, NULL, '2016-06-07 01:10:51', NULL),
(20, '9782296997967', 'Des voix dans les arbres', 1, 1, NULL, 'Pour ne pas se laisser prendre par l''urgence puis l''oubli, JF Ménard fait ici retour sur images, voix et visages d''un peuple familier de longtemps malmené par les éléments et surtout par l''incurie mais qui veut toujours croire aux voix dans les arbres.', NULL, NULL, '2016-06-07 01:10:51', NULL),
(21, '9782253001171', 'Da Vinci Code', 4, 4, NULL, 'Robert Langdon, un éminent spécialiste de symbologie de Harvard, est convoqué d’urgence au Louvre. On a découvert un message codé sur le cadavre du conservateur en chef, retrouvé assassiné au milieu de la Grande Galerie. Pour examiner la série de pictogrammes, il est épaulé par Sophie Neveu, une brillante cryptographe membre de la police. À leur grande surprise, les premiers indices les conduisent à l''œuvre de Léonard de Vinci. En déchiffrant le code, Langdon va mettre au jour l''un des plus grands mystères de notre temps... et devenir un homme traqué.', NULL, NULL, '2016-06-07 01:10:51', NULL),
(22, '9782264045331', 'Les fabuleuses aventures d''un Indien malchanceux qui devint milliardaire', 6, 4, NULL, 'Quand un serveur de dix-huit ans, pauvre et inculte, est le vainqueur de " Qui veut gagner un milliard de roupies ? ", la production soupçonne une escroquerie. Sommé de s''expliquer, Ram Mohammad Thomas replonge dans ses souvenirs. À travers ses péripéties tragi-comiques, des bidonvilles de Bombay à Bollywood, l''Inde d''aujourd''hui, violente et contrastée, se dévoile. ', NULL, NULL, '2016-06-07 01:10:51', NULL),
(23, '9782226319227', 'Carnets noirs', 3, 6, NULL, 'En prenant sa retraite, John Rothstein a plongé dans le désespoir les millions de lecteurs des aventures de Jimmy Gold. Rendu fou de rage par la disparition de son héros favori, Morris Bellamy assassine le vieil écrivain pour s''emparer de sa fortune, mais surtout, de ses précieux carnets de notes. Le bonheur dans le crime ? C''est compter sans les mauvais tours du destin... et la perspicacité du détective Bill Hodges. Après Misery, King renoue avec un de ses thèmes de prédilection : l''obsession d''un fan.', NULL, NULL, '2016-06-07 01:10:51', NULL),
(24, '9782226319302', 'Revival', 3, 6, NULL, 'La foudre est-elle plus puissante que Dieu ?\r\n\r\nIl a suffi de quelques jours au charismatique Révérend Charles Jacobs pour ensorceler les habitants de Harlow dans le Maine. Et plus que tout autre, le petit Jamie. Car l''homme et l''enfant ont une passion commune : l''électricité.\r\nTrente ans plus tard, Jamie, guitariste de rock rongé par l''alcool et la drogue, est devenu une épave. Jusqu''à ce qu''il croise à nouveau le chemin de Jacobs et découvre que le mot « Revival » a plus d''un sens... Et qu''il y a bien des façons de renaitre ! ', NULL, NULL, '2016-06-07 01:13:35', NULL),
(25, '9782221157848', 'L''horizon à l''envers', 1, 7, NULL, 'Où se situe notre conscience ?\r\nEst-ce qu’on peut la transférer et la sauvegarder ?\r\nHope, Josh et Luke, étudiants en neurosciences, forment un trio inséparable, lié par une amitié inconditionnelle et une idée de génie.\r\nLorsque l’un des trois est confronté à une mort imminente, ils décident d’explorer l’impossible et de mettre en œuvre leur incroyable projet. ', NULL, NULL, '2016-06-07 01:19:12', NULL),
(26, '9782266199544', 'Et si c''était vrai...', 1, 7, NULL, 'Lauren est dans le coma, c''est indéniable. Mais elle est aussi dans le placard d''Arthur, un peu comme un fantôme, cela est tout aussi indéniable... Arthur, en tout cas, est bien obligé de l''admettre : il la voit, l''entend, la comprend et finit même par l''aimer. Mais que peut-on espérer d''un fantôme que l''on est le seul à distinguer ? On ne tombe pas amoureux d''un mirage, on ne force pas son meilleur ami à dérober une ambulance pour kidnapper un corps dans le coma, on ne ment pas à la police pour sauver une ombre, et pourtant... ', NULL, NULL, '2016-06-07 01:19:12', NULL),
(27, '9782290003954', 'Le songe d''une nuit d''été', 3, 4, NULL, 'À l''heure où les elfes s''éveillent, les humains s''endorment, et il est demandé au spectateur, victime consentante, de croire à la communication improbable de ces deux mondes. Les uns habitent la cité, régie par une loi anti-naturelle et imposée ; les autres demeurent au plus profond des bois, lieu où les lois irrationnelles de l''amour ont libre cours. Thésée juge les amoureux, Obéron les réconcilie grâce à un philtre d''amour qui, tel une encre magique, engendre dans le coeur des amants, comme dans l''intrigue, des bouleversements baroques.\r\n\r\nLa forêt, lieu de révélation où les convenances sont inversées, lieu où les reflets se reproduisent à l''infini, se fait la scène d''une surenchère incessante du surnaturel. À la lumière de la lune, Puck a fait le tour de la Terre, Obéron s''est réconcilié avec Titania, Bottom a retrouvé forme humaine et les artisans ont pu se croire des artistes... ', NULL, NULL, '2016-06-07 01:28:33', NULL),
(28, '9782757801246', 'Prenez soin du chien', 1, 4, NULL, 'Rue de la Doulce-Belette, Max Corneloup, auteur de romans-feuilletons, et Eugène Ruche, peintre sur coquilles d''œuf, habitent en vis-à-vis. Chacun suspecte l''autre de l''épier. La méfiance règne, d''autant plus que le voisinage n''est pas spécialement sain d''esprit. Sans compter les commérages de Mme Ladoux, la gardienne... Quand un cadavre est découvert, c''est une véritable psychose qui s''installe. Seraient-ils allés trop loin? ', NULL, NULL, '2016-06-07 01:35:50', NULL),
(29, '9782874230073', 'Tombé du camion', 1, 4, NULL, 'Tom a quinze ans, bientôt seize. Il vit tantôt chez son père, tantôt chez sa mère qui change de petit copain à chaque saison. L''anniversaire de Tom approche et soudain, on se souvient de ce qui arrive aux adolescents de seize ans, de ce que la loi impose : quelques millimètres carrés de silicium et cela change tout !', NULL, NULL, '2016-06-07 01:35:50', NULL),
(30, '9782290058619', 'Horace', 1, 4, NULL, 'La famille romaine des Horaces est étroitement liée à la famille albaine des Curiaces : Horace est marié à Sabine, la soeur de Curiace, dont la fiancée, Camille, n''est autre que la soeur d''Horace. Est-il de plus grands sentiments que l''amour et l''amitié ? Mais la guerre éclate entre les deux cités, et une terrible ordonnance vient bouleverser ces familles : Albe et Rome doivent chacune désigner trois champions qui combattront pour la gloire de leur patrie. Et les deux fratries, de Curiace et d''Horace, sont choisies...', NULL, NULL, '2016-06-07 01:35:50', NULL),
(31, '9782253010043', 'Les Fables de La Fontaine', 1, 4, NULL, 'Une tortue, un corbeau, un lièvre, une fourmi, un lion, et même un pot au lait : autant de figures familières qui peuplent, parmi tant d''autres, notre imaginaire, resurgissent régulièrement, et que nous devons toutes au fabuleux talent de Monsieur de La Fontaine.', NULL, NULL, '2016-06-07 01:35:50', NULL),
(32, '9782877065092', 'Le temps des secrets', 1, 4, NULL, 'Les vacances à La Treille se poursuivent., mais ne se ressemblent plus : Lili doit travailler aux champs avec son père, et Marcel rencontre Isabelle, la fille du poète Loïs de Montmajour. Puis ce sera l''arrivée en classe de sixième, et l''entrée en scène de l''inénarrable Lagneau...', NULL, NULL, '2016-06-07 01:35:50', NULL),
(33, '9782290115077', 'Les fleurs du mal', 1, 4, NULL, '«Voici venir les temps où vibrant sur sa tige Chaque fleur s''évapore ainsi qu''un encensoir.»', NULL, NULL, '2016-06-07 01:48:23', NULL),
(34, '9782266204972', 'L''attentat', 8, 2, NULL, 'Amine, chirurgien israélien d’origine palestinienne, a toujours refusé de prendre parti dans le conflit qui oppose son peuple d’origine et son peuple d’adoption, et s’est entièrement consacré à son métier et à sa femme, Sihem, qu’il adore. Jusqu’au jour où, au cœur de Tel Aviv, un kamikaze se fait sauter dans un restaurant, semant la mort et la désolation. Toute la journée, Amine opère les victimes de l’attentat, avec pour tout réconfort l’espoir de trouver le soir l’apaisement dans les bras de Sihem. Mais quand il rentre enfin chez lui, au milieu de la nuit, elle n’est pas là. C’est à l’hôpital, où le rappelle son ami Naveed, un haut fonctionnaire de la police, qu’il apprend la nouvelle terrifiante : non seulement il doit reconnaître le corps mutilé de sa femme mais on l’accuse elle, Sihem, d’être la kamikaze… Amine ne peut tout d’abord admettre que sa femme, qui n’a jamais manifesté un attachement particulier à la cause palestinienne, ait pu commettre un acte aussi barbare. Pourtant, il doit se résoudre à accepter l’impossible quand il reçoit le mot qu’elle lui a laissé. Alors, pour comprendre comment elle a pu en arriver à une telle extrémité, il s’efforce de rencontrer tous ceux qui l’ont poussée à ce geste fou. Et doit écouter sans répit une vérité qu’il ne peut pas entendre.', NULL, NULL, '2016-06-07 01:48:23', NULL),
(35, '9782253087311', 'La voix de la terre', 1, 4, NULL, '7 joueurs, 7 visions du futur.\r\nLe but ultime de chacun : s''imposer.\r\nEt si un 8e joueur venait tout bouleverser ?\r\nLa Terre n''a pas dit son dernier mot...', NULL, NULL, '2016-06-07 01:48:23', NULL),
(36, '9782211048224', 'Un ange avec des baskets', 1, 5, NULL, 'Ce ne sont pas des vacances extraordinaires pour Paul. Sa grand-mère considère qu''il doit obligatoirement jouer dehors avec les autres pour profiter du bon air. Les autres, ce sont sa sœur Wendy, leurs cousins, l''odieux François et le silencieux Gaspard, et David, le fils du fermier d''à côté. Et ils ne veulent pas de lui. Ils l''accusent de ne pas savoir garder un secret et de mettre en péril certains de leurs projets. Alors, ils l''envoient plus ou moins sèchement cueillir des mûres. En faisant semblant de cueillir des mûres, Paul traverse la forêt et se retrouve face aux ruines de l''ancienne abbaye. Là, assise sur un mur, il y a une petite fille qu''il n''a jamais vue. Elle semble totalement perdue, elle ne sait même plus comment elle s''appelle mais elle refuse que Paul aille chercher de l''aide. Elle lui demande de revenir le lendemain. "Je n''ai que toi", lui dit-elle. Cette petite fille s''appelle Rachel. Les ruines de l''abbaye sont infranchissables pour elle. Elle est enfermée dans un cachot. Dans quelques heures, l''inquisiteur Barbereau sera là et la condamnera, au terme d''un simulacre de procès, à être brûlée vive pour sorcellerie. Trois cents ans jour pour jour séparent Paul et Rachel, et pourtant il peut entendre les voix de ses geôliers. Chaque jour, le sortilège est plus fort. Les murs de l''abbaye se reconstituent peu à peu et bientôt, Paul ne pourra peut-être plus pénétrer dans le cachot. Le temps presse. Pour sauver Rachel, il a besoin d''aide. Mais comment convaincre Wendy et les autres qu''une petite fille de 1898 le prend pour un ange venu la sauver du bûcher ? Et si cette entreprise risquait de leur coûter à tous la vie ? Et si Paul, sans le savoir, était vraiment un ange ?', NULL, NULL, '2016-06-07 01:48:23', NULL),
(37, '9782070612987', 'Le garçon en pyjama rayé', 7, 1, NULL, 'Vous ne trouverez pas ici le résumé de ce livre, car il est important de le découvrir sans savoir de quoi il parle. On dira simplement qu''il s''agit de l''histoire du jeune Bruno que sa curiosité va mener à une rencontre de l''autre côté d''une étrange barrière. Une de ces barrières qui séparent les hommes et qui ne devraient pas exister.', NULL, NULL, '2016-06-07 01:48:23', NULL),
(38, '9782210760851', 'Candide', 1, 4, NULL, 'Le plus célèbre conte philosophique de Voltaire est une oeuvre drôle et féroce dans laquelle l’auteur nous mène avec son héros à la recherche du meilleur des mondes…', NULL, NULL, '2016-06-07 01:48:23', NULL),
(39, '9782226318299', 'La nuit de feu', 1, 6, NULL, '« Je suis né deux fois, une fois à Lyon en 1960, une fois dans le Sahara en 1989. »\r\nUne nuit peut changer une vie.\r\nÀ vingt-huit ans, Éric-Emmanuel Schmitt entreprend une randonnée à pied dans le Sahara en 1989. Parti athée, il en reviendra croyant, dix jours plus tard.\r\nLoin de ses repères, il découvre une vie réduite à la simplicité, noue des liens avec les Touareg. Mais il va se perdre dans les immenses étendues du Hoggar pendant une trentaine d heures, sans rien à boire ou à manger, ignorant où il est et si on le retrouvera. Cette nuit-là, sous les étoiles si proches, alors qu il s attend à frissonner d angoisse, une force immense fond sur lui, le rassure, l éclaire et le conseille.\r\nCette nuit de feu ainsi que Pascal nommait sa nuit mystique va le changer à jamais. Qu est-il arrivé ? Qu a-t-il entendu ? Que faire d une irruption aussi brutale et surprenante quand on est un philosophe formé à l agnosticisme ?', NULL, NULL, '2016-06-07 01:48:23', NULL),
(40, '9782253182627', 'Si on recommençait', 1, 4, NULL, 'Alexandre revient dans la maison de sa jeunesse. Par un phénomène étrange, il se retrouve face à son passé, lors d’une journée cruciale. Quarante ans après, il revoit sa grand-mère tant aimée, les jeunes femmes qu’il désirait… Ferait-il les mêmes choix maintenant qu’il sait ce que fut son existence ? Dans la vie, fait-on ce qu’on veut, ou ce qu’on peut ? Choisit-on ? Est-on libre ? Et si on recommençait…', NULL, NULL, '2016-06-07 01:48:23', NULL),
(41, '9782253012542', 'Voyage au centre de la Terre', 1, 4, NULL, 'Dans la petite maison du vieux quartier de Hambourg où Axel, jeune homme assez timoré, travaille avec son oncle, l’irascible professeur Lidenbrock, géologue et minéralogiste, dont il aime la pupille, la charmante Graüben, l’ordre des choses est soudain bouleversé.\r\nDans un vieux manuscrit, Lidenbrock trouve un cryptogramme. Arne Saknussemm, célèbre savant islandais du xvie siècle, y révèle que par la cheminée du cratère du Sneffels, volcan éteint d’Islande, il a pénétré jusqu’au centre de la Terre !\r\nLidenbrock s’enflamme aussitôt et part avec Axel pour l’Islande où, accompagnés du guide Hans, aussi flegmatique que son maître est bouillant, ils s’engouffrent dans les mystérieuses profondeurs du volcan…', NULL, NULL, '2016-06-07 02:06:28', NULL),
(42, '9782700239317', 'L''ordinateur', 1, 4, NULL, 'Un ordinateur aussi sophistiqué que l’Omnia 3 peut-il tuer ? Logicielle, jeune inspectrice à la police scientifique, en doute. Pourtant, six victimes sont mortes devant leur inquiétante machine. Qu’ont-elles en commun si ce n’est d’avoir consulté un CD-Rom nommé La Tour Prends Garde ? Avec son vieux complice policier Germain et son bouillant collègue Max, Logicielle mène une enquête à hauts risques et découvre une vengeance programmée post mortem…', NULL, NULL, '2016-06-07 02:06:28', NULL),
(43, '9782253041054', 'Haute-Pierre', 1, 4, NULL, 'Un homme, une femme et un enfant surdoué s''installent pour quatre saisons qui s''annoncent merveilleuses dans un vieux manoir, Haute-Pierre.Après un été splendide, l''automne se referme sur Haute-Pierre où d''étranges phénomènes se produisent soudain. Mais, aujourd''hui, qui peut encore croire aux maisons hantées ?', NULL, NULL, '2016-06-07 02:06:28', NULL),
(44, '9782011678263', 'Le médecin malgré lui', 1, 8, NULL, 'Martine querelle son mari, Sganarelle, ivrogne et paresseux. Ce dernier la bat, ce qui attire un voisin, M. Robert. Alors qu''il cherche à calmer Sganarelle, Martine, contre toute attente, déclare aimer être battue et les époux se retournent contre lui. Pendant que Martine, restée seule, cherche à se venger de son mari, passent Valère et Lucas qui recherchent un médecin pour soigner Lucinde, la fille de leur maître, devenue muette. Martine tient sa vengeance et leur déclare que son mari, grand médecin, a obtenu des guérisons miraculeuses, mais qu''il ne le reconnaît que s''il a été bien battu. À son retour, Sganarelle, qui refuse de se dire médecin, est prié, pressé, puis copieusement bâtonné avant de jouer le jeu. Il se livre à quelques plaisanteries avant d''examiner la patiente au cours d''une consultation où sa virtuosité verbale, assaisonnée de latin de cuisine, fait forte impression.', NULL, NULL, '2016-06-07 02:06:28', NULL),
(45, '9782035859167', 'Phèdre', 1, 4, NULL, 'En 1677, Phèdre, la dernière grande tragédie de Racine, met en scène la mythique descente aux enfers d''une incomprise. Vouée au malheur par son hérédité, Phèdre aime sans espoir son beau-fils Hippolyte. Lorsque son mari, Thésée, revient, il envoie injustement son fils à la mort. On assiste alors à l''empoisonnement d''une femme à la fois innocente et coupable. Ironie tragique qui démontre à quel point l''amour peut se vivre comme une malédiction.', NULL, NULL, '2016-06-07 02:06:28', NULL),
(46, '9782253085799', 'Le père Goriot', 1, 4, NULL, 'Madame Vauquer, née de Conflans, est une vieille femme qui, depuis quarante ans, tient à Paris une pension bourgeoise établie rue Neuve-Sainte-Geneviève, entre le quartier latin et le faubourg Saint-Marceau. Cette pension, connue sous le nom de la Maison Vauquer, admet également des hommes et des femmes, des jeunes gens et des vieillards, sans que jamais la médisance ait attaqué les moeurs de ce respectable établissement. Mais aussi depuis trente ans ne s''y était-il jamais vu de jeune personne, et pour qu''un jeune homme y demeure, sa famille doit-elle lui faire une bien maigre pension. Néanmoins, en 1819, époque à laquelle ce drame com­mence, il s''y trouvait une pauvre jeune fille. En quelque discrédit que soit tombé le mot drame par la manière abusive et tortionnaire dont il a été prodigué dans ces temps de douloureuse littérature, il est nécessaire de l''employer ici : non que cette histoire soit dramatique dans le sens vrai du mot ; mais, l''oeuvre accomplie, peut-être aura-t-on versé quelques larmes intra muros et extra. Sera-t-elle comprise au delà de Paris ? le doute est permis. Les particularités de cette scène pleine d''observations et de couleurs locales ne peuvent être appréciées qu''entre les buttes de Montmartre et les hauteurs de Montrouge, dans cette illustre vallée de plâtras incessamment près de tomber et de ruisseaux noirs de boue ; vallée remplie de souffrances réelles, de joies souvent fausses, et si terriblement agitée qu''il faut je ne sais quoi d''exorbitant pour y produire une sensation de quelque durée. Cependant il s''y rencontre çà et là des douleurs que l''agglomération des vices et des vertus rend grandes et solennelles : à leur aspect, les égoïsmes, les intérêts, s''arrêtent et s''apitoient ; mais l''impression qu''ils en reçoivent est comme un fruit savoureux promptement dévoré. Le char de la civilisation, semblable à celui de l''idole de Jaggernat, à peine retardé par un coeur moins facile à broyer que les autres et qui enraye sa roue, l''a brisé bientôt et continue sa marche glorieuse. Ainsi ferez-vous, vous qui tenez ce livre d''une main blanche, vous qui vous enfoncez dans un moelleux fauteuil en vous disant : Peut-être ceci va-t-il m''amuser. Après avoir lu les secrètes infortunes du père Goriot, vous dînerez avec appétit en mettant votre insensibilité sur le compte de l''auteur, en le taxant d''exagération, en l''accusant de poésie. Ah ! sachez-le : ce drame n''est ni une fiction, ni un roman. All is true, il est si véritable, que chacun peut en reconnaître les éléments chez soi, dans son coeur peut-être !', NULL, NULL, '2016-06-07 02:06:28', NULL),
(47, '9782253002857', 'L''assommoir', 1, 4, NULL, 'Qu''est-ce qui nous fascine dans la vie « simple et tranquille » de Gervaise Macquart ? Pourquoi le destin de cette petite blanchisseuse montée de Provence à Paris nous touche-t-il tant aujourd''hui encore? Que nous disent les exclus du quartier de la Goutte-d''Or version Second Empire? L''existence douloureuse de Gervaise est avant tout une passion où s''expriment une intense volonté de vivre, une générosité sans faille, un sens aigu de l''intimité comme de la fête. Et tant pis si, la fatalité aidant, divers « assommoirs » - un accident de travail, l''alcool, les « autres », la faim - ont finalement raison d''elle et des siens. Gervaise aura parcouru une glorieuse trajectoire dans sa déchéance même. Relisons L''Assommoir, cette « passion de Gervaise », cet étonnant chef-d''oeuvre, avec des yeux neufs. ', NULL, NULL, '2016-06-07 02:06:28', NULL),
(48, '9782253088899', 'Le Grand Meaulnes', 1, 4, NULL, 'Il arriva chez nous un dimanche de novembre 189...\r\nJe continue à dire «chez nous», bien que la maison ne nous appartienne plus. Nous avons quitté le pays depuis bientôt quinze ans et nous n''y reviendrons certainement jamais.\r\nNous habitions les bâtiments du Cours supérieur de Sainte-Agathe. Mon père, que j''appelais M. Seurel, comme les autres élèves, y dirigeait à la fois le Cours supérieur, où l''on préparait le brevet d''instituteur, et le Cours moyen. Ma mère faisait la petite classe.\r\nUne longue maison rouge, avec cinq portes vitrées, sous des vignes vierges, à l''extrémité du bourg ; une cour immense avec préaux et buanderie, qui ouvrait en avant sur le village par un grand portail ; sur le côté nord, la route où donnait une petite grille et qui menait vers La Gare, à trois kilomètres ; au sud et par-derrière, des champs, des jardins et des prés qui rejoignaient les faubourgs... tel est le plan sommaire de cette demeure où s''écoulèrent les jours les plus tourmentés et les plus chers de ma vie - demeure d''où partirent et où revinrent se briser, comme des vagues sur un rocher désert, nos aventures.', NULL, NULL, '2016-06-07 02:06:28', NULL),
(49, '9782070322886', 'Le mythe de Sisyphe', 1, 1, NULL, 'La notion d’absurde et le rapport entre l’absurde et le suicide forment le sujet de cet essai. Une fois reconnu le divorce entre son désir raisonnable de compréhension et de bonheur et le silence du monde, l’homme peut-il juger que la vie vaut la peine d’être vécue ? Telle est la question fondamentale de la philosophie. Mais si l’absurde m’apparaît évident, je dois le maintenir par un effort lucide et accepter en le vivant de vivre. Ma révolte, ma liberté, ma passion seront ses conséquences. Assuré de mourir tout entier, mais refusant la mort, délivré de l’espoir surnaturel qui le liait, l’homme va pouvoir connaître la passion de vivre dans un monde rendu à son indifférence et à sa beauté périssable. Les images de Don Juan, du comédien, de l’aventurier illustrent la liberté et la sagesse lucide de l’homme absurde. Mais la création - une fois admis qu’elle peut ne pas être - est pour lui la meilleure chance de maintenir sa conscience éveillée aux images éclatantes et sans raison du monde. Le travail de Sisyphe qui méprise les dieux, aime la vie et hait la mort, figure la condition humaine. Mais la lutte vers les sommets porte sa récompense en elle-même. Il faut imaginer Sisyphe heureux', NULL, NULL, '2016-06-07 02:06:28', NULL);

-- --------------------------------------------------------

--
-- Structure de la table `book_type`
--

CREATE TABLE IF NOT EXISTS `book_type` (
  `book_type_id` int(10) unsigned DEFAULT NULL,
  `type_id` int(10) unsigned DEFAULT NULL,
  KEY `book_id` (`book_type_id`),
  KEY `library_id` (`type_id`),
  KEY `book_id_2` (`book_type_id`)
) ENGINE=InnoDB DEFAULT CHARSET=utf8;

--
-- Contenu de la table `book_type`
--

INSERT INTO `book_type` (`book_type_id`, `type_id`) VALUES
(1, 7),
(2, 16),
(3, 3),
(4, 9),
(10, 7),
(11, 7),
(12, 7),
(13, 7),
(14, 7),
(15, 7),
(16, 16),
(17, 3),
(18, 5),
(19, 3),
(20, 3),
(21, 1),
(22, 3),
(23, 8),
(24, 8),
(25, 3),
(26, 3),
(27, 16),
(28, 3),
(29, 3),
(30, 14),
(31, 11),
(32, 9),
(33, 19),
(34, 3),
(35, 6),
(36, 3),
(37, 1),
(38, 18),
(39, 3),
(40, 3),
(41, 3),
(42, 3),
(43, 3),
(44, 14),
(45, 14),
(46, 3),
(47, 3),
(48, 3),
(49, 17);

-- --------------------------------------------------------

--
-- Structure de la table `editors`
--

CREATE TABLE IF NOT EXISTS `editors` (
  `id` int(10) unsigned NOT NULL AUTO_INCREMENT,
  `name` varchar(255) NOT NULL,
  `url` varchar(255) DEFAULT NULL,
  `logo` varchar(255) DEFAULT NULL,
  `summary` text,
  `nationality_id` int(10) unsigned DEFAULT NULL,
  `created_at` timestamp NOT NULL DEFAULT CURRENT_TIMESTAMP,
  `updated_at` timestamp NULL DEFAULT NULL,
  PRIMARY KEY (`id`),
  KEY `nationality_id` (`nationality_id`),
  KEY `nationality_id_2` (`nationality_id`)
) ENGINE=InnoDB  DEFAULT CHARSET=utf8 AUTO_INCREMENT=9 ;

--
-- Contenu de la table `editors`
--

INSERT INTO `editors` (`id`, `name`, `url`, `logo`, `summary`, `nationality_id`, `created_at`, `updated_at`) VALUES
(1, 'Gallimard', 'http://www.gallimard.fr/', NULL, NULL, 1, '2016-02-25 08:50:09', NULL),
(2, 'Pocket', 'https://www.pocket.fr/', NULL, NULL, 1, '2016-02-25 09:04:30', NULL),
(4, 'Livre de poche', 'www.livredepoche.com/', NULL, NULL, 1, '2016-02-25 09:06:35', NULL),
(5, 'France Loisirs', 'www.franceloisirs.com/', NULL, NULL, 1, '2016-02-25 09:07:25', NULL),
(6, 'Albin Michel', 'http://www.albin-michel.fr/', NULL, NULL, 1, '2016-06-07 00:58:46', NULL),
(7, 'Editions Robert Laffont', 'http://www.laffont.fr/site/page_accueil_site_editions_robert_laffont_&1.html', NULL, NULL, 1, '2016-06-07 01:19:38', NULL),
(8, 'Hachette Collections', 'http://www.hachette-collections.com/be_fr/', NULL, NULL, 1, '2016-06-07 02:07:33', NULL);

-- --------------------------------------------------------

--
-- Structure de la table `nationalities`
--

CREATE TABLE IF NOT EXISTS `nationalities` (
  `id` int(10) unsigned NOT NULL AUTO_INCREMENT,
  `nationality` varchar(255) NOT NULL,
  `country` varchar(255) NOT NULL,
  `create_at` timestamp NOT NULL DEFAULT CURRENT_TIMESTAMP,
  `published_at` timestamp NULL DEFAULT NULL,
  PRIMARY KEY (`id`)
) ENGINE=InnoDB  DEFAULT CHARSET=utf8 AUTO_INCREMENT=9 ;

--
-- Contenu de la table `nationalities`
--

INSERT INTO `nationalities` (`id`, `nationality`, `country`, `create_at`, `published_at`) VALUES
(1, 'français', 'France', '2016-06-06 10:57:04', NULL),
(2, 'belge', 'Belgique', '2016-06-06 11:08:04', NULL),
(3, 'anglais', 'Angleterre', '2016-06-06 11:22:27', NULL),
(4, 'américain', 'Etats-Unis', '2016-06-06 11:40:27', NULL),
(5, 'italien', 'Italie', '2016-06-07 00:25:32', NULL),
(6, 'indien', 'Inde', '2016-06-07 01:12:01', NULL),
(7, 'irlandais', 'Irlande', '2016-06-07 01:48:58', NULL),
(8, 'algérien', 'Algérie', '2016-06-07 01:50:40', NULL);

-- --------------------------------------------------------

--
-- Structure de la table `password_resets`
--

CREATE TABLE IF NOT EXISTS `password_resets` (
  `email` varchar(255) NOT NULL,
  `token` varchar(255) NOT NULL,
  `created_at` timestamp NOT NULL DEFAULT CURRENT_TIMESTAMP
) ENGINE=InnoDB DEFAULT CHARSET=utf8;

--
-- Contenu de la table `password_resets`
--

INSERT INTO `password_resets` (`email`, `token`, `created_at`) VALUES
('nom.prenom@gmail.com', '', '2016-03-02 20:16:56');

-- --------------------------------------------------------

--
-- Structure de la table `types`
--

CREATE TABLE IF NOT EXISTS `types` (
  `id` int(10) unsigned NOT NULL AUTO_INCREMENT,
  `name` varchar(255) NOT NULL,
  `summary` text,
  `created_at` timestamp NOT NULL DEFAULT CURRENT_TIMESTAMP,
  `updated_at` timestamp NULL DEFAULT NULL,
  PRIMARY KEY (`id`)
) ENGINE=InnoDB  DEFAULT CHARSET=utf8 AUTO_INCREMENT=20 ;

--
-- Contenu de la table `types`
--

INSERT INTO `types` (`id`, `name`, `summary`, `created_at`, `updated_at`) VALUES
(1, 'Historique', 'Un roman historique est un roman qui prend pour toile de fond un épisode (parfois majeur) de l''Histoire, auquel il mêle généralement des événements -des personnages- réels et fictifs. Le roman historique est apparu à la fin du XVIIe siècle avec comme principaux auteurs Madame de La Fayette et César Vichard de Saint-Réal. Le roman historique s''efforce d''apparaître vraisemblable en regard de la vérité historique et l''auteur s''appuie généralement sur une importante documentation.', '2016-06-07 13:12:54', NULL),
(2, 'Épistolaire', 'Le roman épistolaire (ou parfois une nouvelle épistolaire) est un genre littéraire dans lequel le récit se compose de la correspondance fictive ou non d’un ou plusieurs personnages. Les chapitres de ces romans sont généralement organisés par les lettres écrites entre les personnages (chaque lettre séparée des autres et portant un chiffre, une date, le nom du destinataire ou une combinaison de ces éléments).', '2016-06-07 13:33:54', NULL),
(3, 'Fiction', 'La nouvelle fiction est un genre littéraire où les écrivains poussent au dernier degré la suspension consentie de l''incrédulité, à savoir qu''ils n''hésitent pas à exagérer le côté irréel des faits narrés pour servir un but romanesque.', '2016-06-07 13:35:18', NULL),
(4, 'Aventure', 'Le roman d’aventures est un type de roman populaire qui met particulièrement l''accent sur l''action en multipliant les péripéties plutôt violentes, dans lequel le héros est plutôt masculin et jeune, en général positifs, et où le souci de la forme littéraire est relativement peu important.', '2016-06-07 13:35:18', NULL),
(5, 'Policier', 'Le roman policier (familièrement appelé « polar » en France ou parfois « rompol » ) est un roman relevant du genre policier. Le drame y est fondé sur l''attention d''un fait ou, plus précisément, d''une intrigue, et sur une recherche méthodique faite de preuves, le plus souvent par une enquête policière ou encore une enquête de détective privé. L''abréviation policier (pour roman policier) est également utilisée. Le genre policier comporte six invariants : le crime ou délit, le mobile, le coupable, la victime, le mode opératoire et l''enquête. Le roman policier recouvre beaucoup de types de romans, notamment le roman noir et le roman à suspense ou thriller. Si l''action est transposée au minimum d''un siècle en arrière, on pourra le qualifier raisonnablement de roman policier historique. Il existe également des romans policiers de science-fiction.', '2016-06-07 13:43:31', NULL),
(6, 'Science-Fiction', 'La science-fiction est un genre narratif, principalement un genre littéraire et un genre cinématographique. Il est structuré par des hypothèses sur ce que pourrait être le futur ou ce qu''aurait pu être le présent voire le passé (planètes éloignées, mondes parallèles, uchronie...), en partant des connaissances actuelles (scientifiques, technologiques, ethnologiques...). Elle se distingue du fantastique qui inclut une dimension inexplicable et de la fantasy qui fait souvent intervenir la magie.', '2016-06-07 13:43:31', NULL),
(7, 'Fantastique', 'Le fantastique est un registre littéraire qui se caractérise par l’intrusion du surnaturel dans le cadre réaliste pour un récit. Selon le théoricien de la littérature Tzvetan Todorov (voir son essai Introduction à la littérature fantastique), le fantastique se distingue du merveilleux par l''hésitation qu''il produit entre le surnaturel et le naturel, le possible ou l''impossible et parfois entre le logique et l''illogique. Le merveilleux, au contraire, fait appel au surnaturel dans lequel, une fois acceptés les présupposés d''un monde magique, les choses se déroulent de manière presque normale et familière. Le fantastique peut être utilisé au sein des divers genres : policier, science-fiction, horreur, contes, romances, aventures ou encore merveilleux lui-même. Cette définition plaçant le fantastique à la frontière de l''étrange et du merveilleux est généralement acceptée, mais a fait l''objet de nombreuses controverses, telle que celle menée par Stanislas Lem.', '2016-06-07 13:43:31', NULL),
(8, 'Horreur', 'L''horreur est un genre littéraire (considéré comme un sous-genre du fantastique en France mais reconnu comme un genre à part entière dans les pays anglo-saxons sous le nom d''Horror Fiction) s''inscrivant dans le registre de la peur. Ce genre met souvent en scène des phénomènes surnaturels (et des créatures à l''avenant : vampires, fantômes, loup-garous et autres monstres) mais aussi des tueurs en séries. Le roman d''horreur cherche à susciter chez le lecteur l''angoisse et l''effroi, ou à tout le moins à le mettre mal à l''aise (l''inquiétante étrangeté par laquelle on a parfois cherché à définir le fantastique est ici exacerbée).', '2016-06-07 13:43:31', NULL),
(9, 'Biographie', 'Une biographie (une bio), est un écrit qui a pour objet l''histoire d''une vie particulière. Elle peut être écrite par la personne elle-même (autobiographie) ou par une autre personne.', '2016-06-07 13:43:31', NULL),
(10, 'Conte', 'Le mot conte désigne à la fois un récit de faits ou d''aventures imaginaires et le genre littéraire (avant tout oral) qui relate les dits récits. Le conte, en tant que récit, peut être court ou long. Qu''il vise à distraire ou à édifier, il porte en lui une force émotionnelle ou philosophique puissante. Depuis la Renaissance, les contes font l''objet de réécritures, donnant naissance au fil des siècles à un genre écrit à part entière. Cependant, il est distinct du roman, de la nouvelle et du récit d''aventures par l''acceptation de l''invraisemblance.', '2016-06-07 13:43:31', NULL),
(11, 'Fable', 'Une fable est un court récit en vers ou en prose qui vise à donner de façon plaisante une leçon de vie. Elle se caractérise souvent par la mise en scène d''animaux qui parlent mais peut également mettre en scène d’autres entités ou des êtres humains. Une morale est généralement exprimée à la fin ou au début de la fable. Celle-ci est parfois implicite, le lecteur devant la dégager lui-même.', '2016-06-07 13:43:31', NULL),
(12, 'Nouvelle', 'Une nouvelle est un récit court. Apparu à la fin du Moyen Âge, ce genre littéraire était alors proche du roman et d''inspiration réaliste, se distinguant peu du conte. À partir du XIXe siècle, les auteurs ont progressivement développé d''autres possibilités du genre, en s''appuyant sur la concentration de l''histoire pour renforcer l''effet de celle-ci sur le lecteur, par exemple par un dénouement surprenant. Les thèmes se sont également élargis : la nouvelle est devenue une forme privilégiée de la littérature fantastique, policière, et de science-fiction.', '2016-06-07 13:43:31', NULL),
(13, 'Romance', 'Le roman d''amour est un type de roman appelé aussi « roman sentimental » ou, de manière péjorative, « roman à l''eau de rose » et « romance » (romance novel) dans le monde anglo-saxon. C''est « le genre le plus populaire et le moins respecté ».', '2016-06-07 13:43:31', NULL),
(14, 'Théâtre', 'Une pièce de théâtre est une œuvre destinée à être jouée durant une représentation théâtrale, la plupart du temps écrite selon des règles de la littérature dramatique. Dans ce but, le texte est essentiellement constitué de dialogues entre les personnages, ainsi que, le cas échéant, d''indications concernant la mise en scène, les didascalies : décor, localisation géographique, ambiance lumineuse et sonore, gestuelle des personnages (avec des cas limites puisque certaines pièces sont composées sans dialogue verbal, par exemple les Actes sans paroles de Samuel Beckett).', '2016-06-07 13:43:31', NULL),
(15, 'Bande dessinée', 'La bande dessinée (communément raccourci en BD ou bédé) est une forme d''expression artistique, souvent désignée comme le « neuvième art », utilisant une juxtaposition de dessins (ou d''autres types d''images fixes, mais pas uniquement photographiques), articulés en séquences narratives et le plus souvent accompagnés de textes (narrations, dialogues, onomatopées). Will Eisner l''a définie (avant l''émergence d''Internet) comme « la principale application de l''art séquentiel au support papier».', '2016-06-07 13:43:31', NULL),
(16, 'Comédie', 'La comédie est un genre littéraire, théâtral, cinématographique et télévisuel fonctionnant sur le registre de l''humour. Née dans l''Antiquité grecque, elle est devenue un genre littéraire qui s''est épanouie de manière diversifiée en fonction des époques. Avant Molière, elle était dévalorisée comparée à la tragédie.', '2016-06-07 13:47:04', NULL),
(17, 'Essai', 'En littérature, un essai est une œuvre de réflexion portant sur les sujets les plus divers et exposée de manière personnelle, voire subjective par l''auteur. Contrairement à l''étude, l''essai peut être polémique ou partisan. C''est un texte littéraire qui se prête bien à la réflexion philosophique, mais aussi à d''autres domaines : essais historiques, essais scientifiques, essais politiques, etc. L''auteur d’un essai est appelé « essayiste ». Le terme « essai » est dérivé du latin exagium, un poids ou appareil de mesure.', '2016-06-07 14:02:43', NULL),
(18, 'Philosophie', 'La philosophie signifie littéralement : « l''amour de la sagesse ». C''est une activité et une discipline existant depuis l''Antiquité en Occident et en Orient, se présentant comme un questionnement, une interprétation et une réflexion sur le monde et l''existence humaine. Différents buts peuvent lui être attribués : la recherche de la vérité ; la méditation sur le bien, le beau, le juste ; la quête du sens de la vie et du bonheur.', '2016-06-07 14:02:43', NULL),
(19, 'Poème', 'La poésie est un genre littéraire très ancien aux formes variées, écrites généralement en vers, mais qui admettent aussi la prose, et qui privilégient l''expressivité de la forme, les mots disant plus qu''eux-mêmes par leur choix (sens et sonorités) et leur agencement (rythmes, métrique, figures de style). Sa définition se révèle difficile et varie selon les époques, au point que chaque siècle a pu lui trouver une fonction et une expression différente, à quoi s''ajoute l''approche propre à la personnalité de chaque poète.', '2016-06-07 14:02:43', NULL);

-- --------------------------------------------------------

--
-- Structure de la table `users`
--

CREATE TABLE IF NOT EXISTS `users` (
  `id` int(11) NOT NULL AUTO_INCREMENT,
  `name` varchar(255) NOT NULL,
  `email` varchar(255) NOT NULL,
  `password` varchar(60) NOT NULL,
  `remember_token` varchar(100) NOT NULL,
  `created_at` timestamp NOT NULL DEFAULT CURRENT_TIMESTAMP,
  `updated_at` timestamp NULL DEFAULT NULL,
  PRIMARY KEY (`id`)
) ENGINE=InnoDB  DEFAULT CHARSET=utf8 AUTO_INCREMENT=2 ;

--
-- Contenu de la table `users`
--

INSERT INTO `users` (`id`, `name`, `email`, `password`, `remember_token`, `created_at`, `updated_at`) VALUES
(1, 'root', 'nom.prenom@gmail.com', 'root', '', '2016-03-02 20:17:32', NULL);

--
-- Contraintes pour les tables exportées
--

--
-- Contraintes pour la table `authors`
--
ALTER TABLE `authors`
  ADD CONSTRAINT `authors_nationality_id` FOREIGN KEY (`nationality_id`) REFERENCES `nationalities` (`id`) ON DELETE SET NULL ON UPDATE NO ACTION;

--
-- Contraintes pour la table `author_book`
--
ALTER TABLE `author_book`
  ADD CONSTRAINT `authors_author_id` FOREIGN KEY (`author_id`) REFERENCES `authors` (`id`) ON DELETE SET NULL ON UPDATE NO ACTION,
  ADD CONSTRAINT `books_book_id` FOREIGN KEY (`book_id`) REFERENCES `books` (`id`) ON DELETE SET NULL ON UPDATE NO ACTION;

--
-- Contraintes pour la table `books`
--
ALTER TABLE `books`
  ADD CONSTRAINT `books_editor_id` FOREIGN KEY (`editor_id`) REFERENCES `editors` (`id`) ON DELETE SET NULL ON UPDATE NO ACTION,
  ADD CONSTRAINT `books_nationality_id` FOREIGN KEY (`nationality_id`) REFERENCES `nationalities` (`id`) ON DELETE SET NULL ON UPDATE NO ACTION;

--
-- Contraintes pour la table `book_type`
--
ALTER TABLE `book_type`
  ADD CONSTRAINT `books_book_type_id` FOREIGN KEY (`book_type_id`) REFERENCES `books` (`id`) ON DELETE SET NULL ON UPDATE NO ACTION,
  ADD CONSTRAINT `types_type_id` FOREIGN KEY (`type_id`) REFERENCES `types` (`id`) ON DELETE SET NULL ON UPDATE NO ACTION;

--
-- Contraintes pour la table `editors`
--
ALTER TABLE `editors`
  ADD CONSTRAINT `editors_nationality_id` FOREIGN KEY (`nationality_id`) REFERENCES `nationalities` (`id`) ON DELETE SET NULL ON UPDATE NO ACTION;

/*!40101 SET CHARACTER_SET_CLIENT=@OLD_CHARACTER_SET_CLIENT */;
/*!40101 SET CHARACTER_SET_RESULTS=@OLD_CHARACTER_SET_RESULTS */;
/*!40101 SET COLLATION_CONNECTION=@OLD_COLLATION_CONNECTION */;
